option_id,product_id,value_id,values_name
2,27307100,1,Cam
2,27307100,2,Hồng
2,27307100,3,Xanh trời
2,27307100,4,Vàng
2,27307100,5,Đen
2,27307100,6,Tím than
2,27307100,7,Xanh than
2,27307100,8,Ghi
2,27921873,1,Hồng đậm
2,27921873,2,Tím than
2,27921873,3,Đen
2,27921873,4,Hồng
2,27921873,5,Be
2,27921873,6,Tím
2,27921873,7,Vàng
2,27921873,8,Xanh trời
2,27921873,9,Đỏ đô
2,27921873,10,Xanh bạc hà
2,27921873,11,Xanh Biển.
2,27921873,12,Cam
2,27921873,13,Cam đất
2,27921873,14,Nâu
2,27921873,15,Xanh cổ vịt
2,27921873,16,Xanh vỏ đỗ
2,27921873,17,Xanh đá
2,27921873,18,Xanh dương
2,27921873,19,Xanh ngọc
2,27921873,20,Trắng/Xanh cổ vịt
2,23371806,1,Cam
2,23371806,2,Nâu
2,23371806,3,Tím than
2,23371806,4,Đen
2,23371806,5,Hồng
2,23371806,6,Xanh bạc hà
2,23371806,7,Xanh đậm
2,23371806,8,Xanh
2,32502418,1,Xanh than
2,32502418,2,Tím than
2,32502418,3,Cam
2,32502418,4,Hồng
2,32502418,5,Đỏ đô
2,32502418,6,Xanh Lá
2,32502418,7,ĐEN ĐẬM
2,27144590,1,Vàng
2,27144590,2,Ghi sáng
2,27144590,3,Cam
2,27144590,4,Xanh than
2,27144590,5,Đen
2,27144590,6,Navy
2,27144590,7,Hồng
2,32618202,1,Hồng
2,32618202,2,Xanh Lam
2,32618202,3,Navy
2,32618202,4,Đen
2,32894329,1,Be
2,32894329,2,Hồng
2,32894329,3,Đen
2,27436204,1,Rêu
2,27436204,2,Đen
2,27436204,3,Sữa
2,27505276,1,Be
2,27505276,2,Tím than
2,27505276,3,Đỏ đô
2,27505276,4,Hồng
2,27505276,5,Đen
2,27505276,6,Xanh bạc hà
2,27505276,7,Xanh vỏ đỗ
2,27505276,8,Xanh cổ vịt
2,27505276,9,Hồng cam
2,27505276,10,Xanh đá
2,27505276,11,Tím
2,27505276,12,Xanh dương
2,27505276,13,Cam đất
2,27505276,14,Xanh Biển.
2,27505276,15,Xanh ngọc
2,27505276,16,Nâu
2,27505276,17,Hồng đậm
2,27505276,18,Cam
2,32894330,1,Hồng
2,32894330,2,Be
2,32894330,3,Đen
2,32830699,1,Tím than
2,32830699,2,Trắng
2,32830699,3,Tím Than 1
2,32830697,1,Nâu sữa
2,32830697,2,Trắng kem
2,32830697,3,Đen
2,32830697,4,Navy
2,32830697,5,Tím
2,32493596,1,Đỏ đô
2,32493596,2,Hồng đỗ
2,32493596,3,Xanh Biển
2,32493596,4,Đen
2,32493596,5,Cam
2,32493596,6,Be
2,32493596,7,Tím than
2,32486678,1,Đen
2,28089224,1,Đen
2,28089224,2,Rêu
2,28048432,1,Đen
2,28048432,2,Be
2,27918188,1,Đen
2,27918188,2,Tím
2,27918187,1,Đen
2,27918187,2,Tím than
2,27918187,3,Vàng
2,23372384,1,Hồng
2,23372384,2,Đỏ đô
2,23372384,3,Tím than
2,23372384,4,Vàng
2,23372384,5,Rêu
2,23372384,6,Tím
2,23372384,7,Xanh bạc hà
2,23372384,8,Xanh
2,23372384,9,Đen
2,23372384,10,Trắng kem
2,23372384,11,Xanh trời
2,23372384,12,Be
2,23372384,13,Đỏ đậm
2,23372384,14,Đỏ tươi
2,30390115,1,Be
2,30390115,2,Đen
2,30390115,3,Trắng
2,30390115,4,Xanh Lá
2,30390115,5,Xanh nhạt
2,30390115,6,Xanh coban
2,30390115,7,Cam
2,30390115,8,Hồng đậm
2,30390115,9,Tím nhạt
2,29964651,1,Cam
2,29964651,2,Xanh Lá
2,29964651,3,Trắng 1
2,29964651,4,Be
2,29964651,5,ĐEN 1
2,29964651,6,Tím
2,29964651,7,Vàng
2,30247846,1,Xanh ngọc
2,30247846,2,Xanh dương
2,30247846,3,Trắng 1
2,30648268,1,Navy
2,30648268,2,Xanh đậm
2,30648268,3,ĐEN 1
2,30648268,4,Nâu
2,30648268,5,Trắng 1
2,30648268,6,Đỏ
2,30648268,7,Hồng đậm
2,30668143,1,Xanh Lá
2,30668143,2,Be
2,30668143,3,ĐEN 1
2,30668143,4,Trắng 1
2,30339735,1,Trắng 1
2,30339735,2,ĐEN 1
2,30339735,3,Xám đậm
2,30339735,4,Cổ vịt
2,30339735,5,Be
2,30335891,1,Cam
2,30335891,2,Xanh ngọc
2,30335891,3,Đen 1
2,30335891,4,Trắng 1
2,29888034,1,Navy
2,29888034,2,ĐEN 1
2,29888034,3,Xanh đậm
2,29888034,4,Be
2,29888034,5,Trắng 1
2,29888034,6,Cam
2,29888034,7,Xanh coban
2,29888034,8,Nâu
2,30338730,1,Đỏ
2,30338730,2,Be
2,30338730,3,Xám đậm
2,30338730,4,Xanh cổ vịt
2,30338730,5,Trắng 1
2,30338730,6,ĐEN 1
2,30338730,7,Navy
2,30338730,8,Bã Trầu
2,30338730,9,Cam
2,30338730,10,Xanh ngọc
2,30339736,1,ĐEN 1
2,30339736,2,Trắng 1
2,24980067,1,Xanh dương
2,24980067,2,Đen
2,24980067,3,Vàng
2,24980067,4,Trắng
2,24980067,5,Xanh đậm
2,24559892,1,Đỏ
2,24559892,2,Xanh cốm
2,24559892,3,Xanh biển
2,24559892,4,Đen
2,24559892,5,Hồng
2,24559892,6,Tím
2,24559892,7,Trắng
2,23600294,1,Rêu
2,23600294,2,Đen
2,23600294,3,Nâu
2,30384152,1,Xanh dương
2,30384152,2,Xanh Lá
2,30384152,3,Navy
2,30384152,4,Đen 1
2,30384152,5,Trắng 1
2,30340186,1,Đỏ
2,30340186,2,Xanh Lá
2,30340186,3,Nâu
2,30340186,4,Trắng 1
2,30340186,5,Đen 1
2,30339941,1,Cam
2,30339941,2,Xanh ngọc
2,30339941,3,Trắng 1
2,30339941,4,Đen 1
2,30276968,1,ĐEN 1
2,30276968,2,Trắng 1
2,30276968,3,Xanh ngọc
2,30276968,4,Tím
2,30174558,1,ĐEN 1
2,30174558,2,Trắng 1
2,30174556,1,Xanh ngọc
2,30174556,2,Trắng 1
2,30174556,3,ĐEN 1
2,30174556,4,Hồng
2,30174556,5,Xanh dương
2,30174547,1,Trắng 1
2,29897010,1,Trắng 1
2,29897010,2,ĐEN 1
2,29897010,3,Tím
2,29896222,1,Cam
2,29896222,2,Trắng 1
2,29896120,1,Tím
2,29896120,2,Trắng 1
2,29896120,3,ĐEN 1
2,29896118,1,Xanh Lá
2,29896118,2,Trắng 1
2,29896118,3,Nâu sữa
2,29896118,4,Xanh dương
2,29896118,5,ĐEN 1
2,29896117,1,ĐEN 1
2,29896117,2,Trắng 1
2,25145258,1,Cam đất
2,25145258,2,Navy
2,25145258,3,Đen
2,25145258,4,Xanh cổ vịt
2,25145258,5,Trắng
2,24566485,1,Tím than
2,24566485,2,Đỏ
2,24566485,3,Đen
2,24566485,4,Cam
2,24566485,5,Vàng
2,24566485,6,Trắng
2,29505173,1,Cam đất
2,29505173,2,Đen
2,29505173,3,Trắng
2,29505173,4,Xanh rêu
2,30442036,1,Nâu
2,30442036,2,Trắng 1
2,30442036,3,Xanh Lá
2,30442036,4,Navy
2,30442036,5,ĐEN 1
2,30339737,1,Trắng đen
2,32493677,1,Be
2,32493677,2,Trắng
2,32493677,3,Đen
2,32482454,1,Xanh Lá
2,32482454,2,Trắng
2,32482454,3,Xanh cổ vịt
2,32482454,4,Ghi
2,32482454,5,Đỏ
2,32482454,6,Nâu
2,32482454,7,Đen
2,32202419,1,Trắng
2,32202419,2,Nâu
2,32202419,3,Đỏ đô
2,32202419,4,Ghi
2,32202419,5,Đen
2,30339829,1,Cam
2,30339829,2,Tím nhạt
2,30339829,3,Xanh ngọc
2,29857238,1,Bã Trầu
2,29857238,2,Cam
2,29857238,3,Xanh Lá
2,29857238,4,Đen
2,32830249,1,Kẻ xanh đậm
2,32830249,2,Kẻ đỏ
2,32830249,3,Kẻ xanh lá
2,32486525,1,Tím than
2,32486525,2,Navy
2,32486525,3,Đen
2,32486525,4,Nâu
2,32894320,1,Trắng
2,32894320,2,Be
2,32894320,3,Đen
2,32492437,1,Navy
2,32492437,2,Đen
2,32492437,3,Trắng
2,32492437,4,Ghi Đậm
2,32492437,5,Nâu sữa
2,32830701,1,Đỏ
2,32830701,2,Be
2,30712196,1,Tím
2,30712196,2,Hồng
2,30712196,3,Trắng
2,30388956,1,Xanh coban
2,30388956,2,Trắng
2,30388956,3,Xanh lơ
2,30388956,4,Vàng
2,30388956,5,Navy
2,30388951,1,Xanh lơ
2,30388951,2,Vàng
2,30388951,3,Trắng
2,30388951,4,Be
2,30709933,1,Xanh lơ
2,30709933,2,Tím
2,30709933,3,Trắng
2,30709933,4,Đen
2,30709933,5,Tím 2
2,27914257,1,Xanh ngọc
2,27914257,2,Đen
2,27914257,3,Xanh rêu
2,27914257,4,Trắng
2,27914257,5,Đỏ
2,27914257,6,Cam
2,30386827,1,Xanh đậm
2,30386827,2,Nâu
2,30386827,3,Xanh Lá
2,30386827,4,Tím
2,30386827,5,Nâu 1
2,30388955,1,Hồng
2,30388955,2,Xanh rêu
2,30388955,3,Đen
2,30388955,4,Xanh
2,30339872,1,Xanh Lá
2,30339872,2,Đen
2,30339872,3,Trắng
2,30339872,4,Tím nhạt
2,29896510,1,Navy
2,29896510,2,Xanh blue
2,29896510,3,Cam
2,29896510,4,Đen
2,29896510,5,Trắng
2,29896510,6,Hồng
2,29896510,7,Xanh Lá
2,30174538,1,Xanh blue
2,30174538,2,Trắng
2,30174538,3,Hồng
2,30174538,4,Cam
2,30174538,5,Xanh Lá
2,30174538,6,Đen
2,30174552,1,Trắng
2,30174552,2,Xanh Lá
2,29887721,1,Hồng
2,29887721,2,Xanh rêu
2,29887721,3,Navy
2,29504785,1,Navy phối Trắng
2,29504785,2,Trắng phối vàng
2,29504785,3,Trắng phối đỏ
2,29504785,4,Vàng Phối Navy
2,29504791,1,Vàng
2,29504791,2,Trắng
2,29504791,3,Đen
2,29504791,4,Cam
2,29504791,5,Navy
2,29504791,6,Hồng cam
2,29504791,7,Đỏ
2,29504791,8,Tím
2,29504791,9,Xanh Lá
2,29896511,1,ĐEN XANH LÁ
2,29896511,2,XANH LƠ NAVY
2,29896218,1,Navy
2,29896218,2,Xanh blue
2,29896218,3,Vàng
2,29896218,4,Xanh mint
2,29896218,5,Trắng
2,29844051,1,Xanh Biển
2,29844051,2,Đen
2,29844051,3,Navy
2,29844051,4,Trắng
2,29844051,5,Đỏ
2,29844053,1,Xanh Lá
2,29844053,2,Xanh cốm
2,29844053,3,Cam
2,29844053,4,Tím
2,29844053,5,Trắng
2,29844053,6,Hồng
2,29504787,1,Xanh mint
2,29504787,2,Trắng
2,29504787,3,Cam
2,29504787,4,Navy
2,29504787,5,Đen
2,29505373,1,Vàng
2,29505373,2,Xanh rêu
2,29505373,3,Đen
2,29505373,4,Trắng
2,29599354,1,Navy
2,29599354,2,Hồng
2,29599354,3,Tím
2,29599354,4,Xanh lơ
2,29599354,5,Cam đất
2,29888725,1,Trắng
2,24838179,1,Đen
2,24838179,2,Vàng
2,24838179,3,Xanh mint
2,24838179,4,Trắng
2,24838179,5,Navy
2,24838179,6,Đỏ
2,23371857,1,Vàng 1
2,23371857,2,Hồng đậm
2,23371857,3,Hồng
2,23371857,4,Đỏ Melange 1
2,23371857,5,Đen Melange 1
2,23371857,6,Xanh dương 1
2,23371857,7,Đỏ ML
2,23371857,8,Nâu đậm
2,23371857,9,Xanh lam
2,23371857,10,Đen
2,23371857,11,Xanh dương
2,23371857,12,Xanh ngọc
2,23371857,13,Vàng
2,23371857,14,Vàng nhạt
2,23371857,15,Hồng phấn
2,23371857,16,Xanh rêu
2,23371857,17,Xanh biển
2,23371857,18,Cam
2,23371857,19,Nâu
2,23371857,20,Xanh xám
2,23371857,21,Trắng
2,23371858,1,Xanh coban
2,23371858,2,Xanh ngọc
2,23371858,3,Đen
2,23371858,4,Trắng kem
2,23371858,5,Hồng
2,23371858,6,Be
2,23371858,7,Xám
2,23371858,8,Trắng 1
2,23371858,9,Vàng
2,23371858,10,Xanh Biển
2,23371858,11,Đỏ đô
2,23371858,12,Tím than
2,23371858,13,Đỏ đô 1
2,23371858,14,Vàng đậm
2,23371858,15,Xanh nhạt
2,23371858,16,Nâu
2,23371858,17,Vàng nhạt
2,23600077,1,Xanh coban
2,23600077,2,Vàng
2,23600077,3,Xanh vỏ đỗ
2,23600077,4,Trắng
2,23600077,5,Hồng
2,23600077,6,Xanh ngọc
2,23600077,7,Tím than
2,23600077,8,Tím
2,23600077,9,Vàng 1
2,23600077,10,Hồng đất
2,23600077,11,Tím cà
2,29770462,1,Đỏ
2,29770462,2,Cafe
2,29770462,3,Xanh
2,23371860,1,Vàng 1
2,23371860,2,Nâu 1
2,23371860,3,Vàng
2,23371860,4,Trắng nâu
2,23371860,5,Navy
2,23371860,6,Trắng phối navy
2,23371860,7,Nâu
2,23371860,8,Grey
2,23371860,9,Xanh lá
2,23371860,10,Đỏ
2,29650053,1,Xanh Biển
2,29650053,2,Đen
2,29650053,3,Trắng
2,24897575,1,Đỏ 1
2,24897575,2,Xanh ngọc 1
2,24897575,3,Navy 1
2,24897575,4,Vàng
2,24897575,5,Trắng
2,24897575,6,Navy
2,24897575,7,Xanh ngọc
2,24897575,8,Đỏ
2,24897575,9,Tím
2,24897575,10,Đen
2,27582799,1,Xanh coban
2,27582799,2,Xanh Biển
2,27582799,3,Vàng
2,27582799,4,Trắng
2,23371863,1,Đen
2,23371863,2,Xám
2,23371863,3,Xanh coban
2,23371863,4,Xanh ngọc
2,23371863,5,Trắng
2,23371863,6,Hồng
2,23371863,7,Cam đất
2,23371863,8,Xanh coban 1
2,23371863,9,Cam đất 1
2,23371878,1,Navy
2,23371878,2,Đen
2,23371878,3,Vàng
2,23371878,4,Nâu
2,23371878,5,Đỏ
2,23371878,6,Nâu đậm
2,23371878,7,Trắng
2,23600076,1,Xanh Biển
2,23600076,2,Đỏ đô
2,23600076,3,Hồng
2,23600076,4,Xanh Lá
2,23600076,5,Trắng
2,23600076,6,Cam đất
2,24046787,1,Hồng
2,24046787,2,Trắng
2,24046787,3,Đen
2,24046787,4,Vàng
2,24046787,5,Navy
2,24046787,6,Đỏ
2,24897385,1,Navy 1
2,24897385,2,Navy
2,24897385,3,Đen
2,24897385,4,Đỏ
2,24897385,5,Vàng
2,24897385,6,Xanh ngọc
2,24897385,7,Nâu
2,24897574,1,Trắng
2,24897574,2,Đỏ
2,24897574,3,Đen
2,24897574,4,Navy
2,24897574,5,Nâu
2,24897574,6,Vàng
2,24897574,7,Tím
2,24897574,8,Hồng
2,24897574,9,Xanh lơ
2,24897574,10,Đen đậm
2,24897574,11,Xanh mint
2,24919759,1,Trắng
2,24919759,2,Tím than
2,24919759,3,Xanh
2,24919759,4,Đen
2,24919759,5,Nâu
2,24919759,6,Ghi
2,25157543,1,Vàng
2,25157543,2,Tím than
2,25157543,3,Xanh đá
2,25157543,4,Đỏ đô
2,25157543,5,Trắng
2,25198428,1,Navy
2,25198428,2,Xanh Lơ
2,25198428,3,Đen
2,25198428,4,Xanh rêu
2,25198428,5,Xanh Ngọc
2,32874740,1,Đỏ
2,32874740,2,Navy
2,32874740,3,Nâu
2,32493676,1,Hồng
2,32493676,2,Be
2,32493676,3,Nâu
2,32493676,4,Đen
2,27393965,1,Be
2,27393965,2,Navy
2,27393965,3,Cam
2,27393965,4,Nâu
2,27393965,5,Đen
2,27393965,6,Trắng
2,27144586,1,Xanh
2,27144586,2,Xanh đậm
2,30716570,1,Xanh đậm
2,30716570,2,Xanh nhạt
2,23372413,1,Xanh đậm
2,23372413,2,Xanh trung
2,23372413,3,Đen khói
2,23372413,4,Xanh
2,23372413,5,Đen chì
2,23372413,6,Đen
2,23372413,7,Xanh nhạt
2,24370220,1,Đen nhạt
2,24370220,2,Xanh nhạt
2,24370220,3,Xanh đậm
2,24370220,4,Đen
2,24370220,5,Xanh
2,30338732,1,Đen
2,30338732,2,Đen chì
2,27918177,1,Xanh đậm
2,27918177,2,Xanh
2,27914260,1,Xanh đậm
2,27914260,2,Xanh nhạt
2,27568304,1,Xanh
2,27568304,2,Xanh đậm
2,27436262,1,Xanh đậm
2,27436262,2,Xanh
2,27436205,1,LIGHT BLUE
2,27436205,2,BLUE
2,27436205,3,DARK BLUE
2,27436205,4,SMOKE BLACK
2,27436205,5,BLACK
2,27435529,1,Xanh đậm
2,27435529,2,Xanh
2,27393180,1,Xanh
2,27393180,2,Xanh đậm
2,27144588,1,Xanh sáng
2,27144588,2,Xanh đậm
2,27144588,3,Xanh Trung
2,24556139,1,Xanh đậm
2,24556139,2,Xanh
2,23600265,1,Đen chì
2,23600265,2,Đen khói
2,23600265,3,Đen
2,23372420,1,Đen chì
2,23372420,2,Đen Khói
2,23372420,3,Xanh Trung
2,23372420,4,Xanh đậm
2,23372420,5,Đen
2,23372420,6,Xanh nhạt
2,23372420,7,Xám
2,23372419,1,Đậm
2,23372419,2,Trung
2,23372419,3,Sáng
2,23372417,1,Xanh nhạt
2,23372417,2,Xanh
2,23372417,3,Xanh sáng
2,23372414,1,Xanh đậm
2,23372414,2,Xanh
2,23372414,3,Xanh nhạt
2,32830110,1,Xanh nhạt
2,32830110,2,xanh trung
2,28338884,1,Đen
2,28338884,2,Nâu nhạt
2,28338884,3,Nâu đất
2,23371923,1,Đen
2,23371923,2,Tím than
2,27445246,1,Đen
2,27445246,2,Trắng
2,27436167,1,Nâu be
2,27436167,2,Trắng đen
2,27435526,1,Đen
2,27435526,2,Nâu
2,27195414,1,Đen
2,27195414,2,Be
2,27138438,1,Nâu
2,27138438,2,Chì .
2,27138438,3,Đen
2,27138438,4,Xanh
2,27138438,5,Xám
2,23371921,1,Tím than
2,23371921,2,Be
2,23371921,3,Đen
2,23371921,4,Nâu
2,23371921,5,Vàng
2,23371919,1,Be
2,23371919,2,Vàng
2,23371919,3,Tím than
2,23371919,4,Đen
2,23371919,5,Nâu
2,23371918,1,Đen bạc
2,23371918,2,Trắng Xanh
2,23371918,3,Đen
2,23371918,4,Đen Khói
2,23371918,5,Trắng
2,32479246,1,Đen chấm bi
2,32479246,2,Đen
2,32502422,1,Nâu
2,32502422,2,Xanh than
2,32502422,3,Đen
2,32894323,1,Đen
2,32980245,1,Xanh da trời
2,32980245,2,Đen
2,27436174,1,Be
2,27436174,2,Đen
2,27436174,3,Nâu
2,27436174,4,Ghi
2,23808414,1,Đen
2,23808414,2,Tím than
2,23600057,1,Ghi đậm
2,23600057,2,Đen
2,23600057,3,Tím than
2,23600057,4,Be
2,23600075,1,Tím than
2,23600075,2,Đen
2,23600075,3,Xanh ghi đậm
2,23600075,4,Be đậm
2,23600075,5,Be
2,23600075,6,Xanh ghi
2,27195400,1,Đen
2,27195400,2,Ghi Đậm
2,27195400,3,Xanh ghi
2,27195400,4,Ghi
2,27195400,5,Nâu be
2,29752839,1,Xanh lơ
2,29752839,2,Đen
2,29752839,3,Ghi Đậm
2,29752839,4,Ghi be
2,27907510,1,Tím than
2,27907510,2,Xanh rêu
2,27907510,3,Chì .
2,27907510,4,Đen
2,32502423,1,Be
2,32502423,2,Nâu
2,32502423,3,Ghi Đậm
2,32502423,4,Đen
2,32493683,1,Đen
2,32493683,2,Ghi Đậm
2,32493683,3,Tím than
2,32493683,4,Be
2,32486523,1,Xanh
2,32486523,2,Ghi
2,32486523,3,Tím than
2,32486523,4,Đen
2,31266214,1,Đen
2,31266214,2,Xám
2,31266214,3,NÂU RÊU
2,30712005,1,Xanh ghi
2,30712005,2,Be ghi
2,30712005,3,Đen
2,29888724,1,Tím than
2,29888724,2,Ghi Đậm
2,29888724,3,Đen
2,29888724,4,Nâu
2,29655066,1,Đen
2,29655066,2,Ghi Đậm
2,29655066,3,Rêu
2,29655066,4,Be sữa
2,26600127,1,Nâu cam
2,26600127,2,Nâu đất
2,26600127,3,Tím than
2,26600127,4,Be
2,26600127,5,Đen
2,26600127,6,Ghi đậm
2,25925154,1,Nâu
2,25925154,2,Be
2,25925154,3,Xanh đá
2,25925154,4,Đen
2,23600059,1,Be
2,23600059,2,Đen
2,23600059,3,Nâu
2,23600059,4,Xanh
2,23372400,1,Xanh
2,23372400,2,Xanh nhạt
2,23372400,3,Be
2,23372400,4,Ghi
2,23372400,5,Đen
2,23372400,6,Tím than
2,23372396,1,Tím than
2,23372396,2,Đen
2,27343782,1,Xanh lơ
2,27343782,2,Navy
2,27343782,3,Đỏ
2,27343782,4,Đen
2,28261371,1,Kẻ be
2,28261371,2,Kẻ nâu
2,28261371,3,Kẻ đen trắng
2,28435922,1,Hoa nền trắng
2,28435922,2,Hoa nền hồng
2,28435922,3,Hoa nền xanh
2,28435922,4,Hoạ tiết đen
2,27319580,1,Vàng
2,27319580,2,Đen
2,25958684,1,Vàng
2,25958684,2,Xanh
2,26353462,1,Nâu
2,26353462,2,Đen
2,26818686,1,Hồng
2,26818686,2,Vàng
2,26818686,3,Cam
2,26677754,1,Tím than
2,25958703,1,Vàng
2,25958703,2,Xanh
2,25925078,1,Đen
2,25925078,2,Tím than
2,25925078,3,Vàng
2,25925078,4,Trắng
2,23372467,1,Xanh
2,23372467,2,Đen
2,23372466,1,Xanh vằn đỏ
2,23372466,2,Trắng vằn đen
2,28711517,1,Hồng phấn
2,28711517,2,Trắng
2,28711517,3,Vàng
2,28779766,1,Xanh lơ
2,28779766,2,Đen
2,28779766,3,Trắng
2,29000580,1,Đen
2,29000580,2,Nâu
2,29066309,1,Xanh Lá
2,29066309,2,Đen
2,29066309,3,Trắng
2,29000581,1,Đen
2,29000581,2,Trắng
2,29066563,1,Trắng
2,29066563,2,Đen
2,29066563,3,Xanh lơ
2,29066565,1,Đỏ
2,29066565,2,Trắng
2,29066565,3,Đen
2,29066564,1,Trắng
2,29066564,2,Đen
2,30338891,1,Hồng sen
2,30338891,2,Đen
2,30339733,1,Tím
2,30339733,2,ĐEN 1
2,28435921,1,Đỏ
2,28435921,2,Đen
2,29225428,1,Đỏ đô
2,29225428,2,Kem
2,29225428,3,Đen
2,30342170,1,ĐEN XANH LÁ
2,30342170,2,Đen trắng navy
2,30342174,1,Trắng
2,30342174,2,Xanh cốm
2,30342174,3,Cam
2,30342174,4,Xanh mint
2,30574704,1,Hồng
2,30574704,2,Vàng
2,30574704,3,Vàng đậm
2,30574704,4,Vàng nhạt
2,30647589,1,Đen
2,30647589,2,Trắng
2,30647589,3,Đỏ
2,30338894,1,Xanh mint
2,30338894,2,Trắng
2,30338894,3,Đen
2,30709934,1,Xanh
2,30709934,2,Vàng
2,31043332,1,Trắng
2,31043332,2,Xanh cốm
2,31043332,3,Đen
2,30340001,1,Xanh cốm
2,30340001,2,Nâu
2,30340001,3,Trắng
2,30340001,4,Cam
2,30340001,5,Xanh bơ
2,30340000,1,Cam nhạt
2,30340000,2,Đỏ
2,30662173,1,Cam
2,30662173,2,Xanh coban
2,30662173,3,Xanh Lá
2,30662173,4,Navy
2,30662173,5,Đen
2,30711925,1,Xanh coban
2,30711925,2,Đen
2,30711925,3,Tím
2,30711925,4,Nâu
2,30711925,5,Xanh Lá
2,23372428,1,Xanh
2,23372428,2,Trắng
2,23372428,3,Tím nhạt
2,23372428,4,Tím than
2,23372428,5,Xanh đậm
2,23372445,1,Xanh
2,23372445,2,Xanh nhạt
2,23372445,3,Trắng
2,25198431,1,Rêu
2,25198431,2,Be
2,25198431,3,Trắng
2,25198431,4,Xanh
2,25198431,5,Hồng
2,32492435,1,Xanh
2,32492435,2,Trắng
2,32492435,3,Hồng
2,32492435,4,Vàng
2,32492435,5,Be
2,31184382,1,Trắng
2,31184382,2,Hồng
2,31184382,3,Xanh Lá
2,31184382,4,Đỏ đô
2,31184382,5,Đen
2,31184378,1,Kẻ xanh đậm
2,31184378,2,Kẻ cam
2,31184378,3,Kẻ xanh lá
2,31151474,1,Kẻ xanh lá
2,31151474,2,Kẻ xanh đậm
2,31151474,3,Kẻ cam
2,31043330,1,Xanh cốm
2,31043330,2,Đen
2,30716569,1,Trắng
2,30716569,2,Xanh Lá
2,30716569,3,Đen
2,30712197,1,Vàng
2,30712197,2,Xanh Lá
2,30712197,3,Đỏ đô
2,30712197,4,Trắng
2,30712004,1,Cam
2,30712004,2,Xanh Lá
2,30712004,3,Trắng
2,30712004,4,Hồng
2,30710025,1,Vàng bơ
2,30710025,2,Xanh Lá
2,30710025,3,Trắng
2,30710025,4,Đen
2,30663271,1,Cam
2,30663271,2,Navy
2,30663271,3,Xanh Lá
2,30663271,4,Đen
2,30339993,1,Xanh dương
2,30339993,2,Trắng
2,30338359,1,Đen
2,30338359,2,Trắng
2,30335734,1,XANH BI ĐEN
2,30335734,2,KEM BI ĐEN
2,30335734,3,ĐEN BI KEM
2,30333067,1,Trắng
2,30333067,2,Đen
2,29888727,1,Chấm bi be
2,29888727,2,Chấm bi đen
2,29655065,1,Cam
2,29655065,2,Đen
2,29655065,3,Trắng
2,29161390,1,Xanh loang
2,29161390,2,Hồng loang
2,28125042,1,Hồng
2,28125042,2,Be
2,28125042,3,Trắng
2,28084157,1,Đen
2,28084157,2,Nâu
2,27144598,1,Trắng
2,27144598,2,Xanh
2,27144598,3,Xanh nhạt
2,27138441,1,Hồng
2,27138441,2,Đen
2,27138441,3,Xanh
2,24574403,1,Vàng
2,24574403,2,Trắng
2,24574403,3,Xanh
2,32502427,1,Be
2,32502427,2,Trắng
2,32502427,3,Vàng
2,32502427,4,Đỏ
2,32502427,5,Xanh
2,23371814,1,Nâu 1
2,23371814,2,Đỏ đô
2,23371814,3,Ghi
2,23371814,4,Trắng
2,23371814,5,Đen
2,23371814,6,Be 1
2,23371814,7,Be
2,23371814,8,Nâu
2,23371814,9,Hồng gạch
2,23371814,10,Kem
2,23371818,1,Trắng đen
2,23371818,2,Xanh trắng
2,23371818,3,Ghi đen
2,23371818,4,Be đen
2,23371818,5,Hồng Trắng
2,23371818,6,Be
2,23371818,7,Đen
2,23371818,8,Ghi
2,23371818,9,Hồng
2,23371818,10,Trắng
2,23371818,11,Xanh
2,23371818,12,Đen Lé Trắng
2,23371818,13,Nâu Lé Đen
2,26554096,1,Đen kẻ trắng
2,26554096,2,Trắng kẻ cam
2,26554096,3,Tím than kẻ trắng
2,26554096,4,Trắng kẻ xanh
2,27195399,1,Xanh trắng
2,27195399,2,Đen trắng
2,27195399,3,Trắng đen
2,27497988,1,Ghi
2,27497988,2,Trắng
2,27497988,3,Nâu
2,27497988,4,Be
2,27497988,5,Đen
2,27918171,1,Trắng
2,27918171,2,Nâu
2,27918171,3,Tàn
2,27918171,4,Navy
2,27918171,5,Đen
2,28285033,1,Trắng kẻ đen
2,28285033,2,Trắng kẻ tím than
2,28285033,3,Be kẻ tím than
2,28285033,4,Trắng kẻ xanh
2,28426578,1,Trắng
2,28426578,2,Đen
2,32202420,1,Cam Be
2,32202420,2,Trắng Xanh
2,32202420,3,Trắng Navy
2,32202420,4,Nâu be
2,32202421,1,Trắng
2,32202421,2,Đen
2,32202421,3,Tàn
2,32202421,4,Nâu
2,32202421,5,Xanh Lá
2,32202422,1,Trắng kẻ đen
2,32202422,2,Đen kẻ trắng
2,32202424,1,Trắng kẻ blue
2,32202424,2,Trắng kẻ đen
2,32202424,3,Trắng kẻ xanh
2,32202424,4,TRẮNG KẺ NÂU
2,32502417,1,Be đen
2,32502417,2,Trắng đen
2,32502417,3,Navy trắng
2,32502417,4,Kẻ xanh hồng
2,32493680,1,Đỏ đô
2,32493680,2,Trắng
2,32493680,3,Navy
2,32493680,4,Đen
2,23466586,1,Nâu sữa
2,23466586,2,Đen
2,23466586,3,Ghi
2,23466586,4,Kem
2,23466586,5,Tím than
2,23466583,1,Xanh trắng
2,23466583,2,Đen chì
2,23466583,3,Xanh đậm
2,23466583,4,Xanh nhạt
2,29274601,1,Xanh đậm
2,29274601,2,Xanh
2,24897387,1,Đen Khói
2,24897387,2,Đen chì
2,24897387,3,Đen
2,23466584,1,Xanh nhạt
2,23466584,2,Xanh đậm
2,23466584,3,Xanh
2,23466584,4,Đen chì
2,23466584,5,Trắng
2,23466584,6,Đen
2,23372432,1,Xanh đậm
2,29897675,1,Xanh nhạt
2,29897675,2,Xanh
2,29897675,3,Xanh đậm
2,30716562,1,Đen
2,30716562,2,Nâu đậm
2,30716562,3,BE CÁT
2,30711924,1,Xanh nhạt
2,30711924,2,Xanh đậm
2,30663274,1,Xanh đậm
2,30663274,2,Xanh nhạt
2,30335890,1,Xanh nhạt
2,30335890,2,Ghi xám
2,30335890,3,Tím than
2,29897672,1,Tím than
2,29897672,2,Xanh xám
2,29897672,3,Ghi
2,29504789,1,Xanh nhạt
2,29504789,2,Cam nhạt
2,29504789,3,Hồng nhạt
2,29504789,4,Ghi xám
2,29504789,5,Xanh da trời
2,29504789,6,Tím than
2,32493595,1,Tím than
2,32493595,2,ĐEN ĐẬM
2,32493595,3,Nâu
2,32493595,4,Xanh than
2,32493595,5,Ghi
2,32493595,6,Đỏ đô
2,27345077,1,Đen
2,27345077,2,Xanh than
2,27345077,3,Tím than
2,27345077,4,Ghi
2,27345077,5,Cam
2,27345077,6,Xanh trời
2,27345077,7,Nâu tây
2,27345077,8,Vàng cát
2,27144589,1,Ghi sáng
2,27144589,2,Đen
2,27144589,3,Navy
2,27144589,4,Xanh than
2,27144589,5,Cam
2,27144589,6,Xanh cổ vịt
2,23371802,1,Xanh
2,23371802,2,Xanh đậm
2,23371802,3,Đen
2,23371802,4,Nâu
2,23371802,5,Tím than
2,23371802,6,Cam
2,27915028,1,Đen
2,27915028,2,Tím than
2,27928929,1,Đỏ
2,27928929,2,Đen
2,27928929,3,Tím than
2,27928929,4,Be
2,32479639,1,Xanh Biển
2,32479639,2,Đen
2,32479639,3,Tím than
2,32479639,4,Ghi
2,32479639,5,Ghi Đậm
2,32479639,6,Đỏ đô
2,32479639,7,Xanh than nhạt
2,32479639,8,Xanh ngọc lục
2,28305071,1,Đen
2,28305071,2,Tím than
2,28305071,3,Xanh than nhạt
2,28305071,4,Ghi Đậm
2,28305071,5,Ghi
2,28305071,6,Rêu
2,28305071,7,Đỏ đô
2,28305071,8,Xanh trời
2,28305071,9,Nâu
2,28305071,10,Xanh dương
2,28305071,11,Xanh đá
2,28305071,12,Xanh cổ vịt
2,28305071,13,Cam
2,28305071,14,Xanh Biển.
2,28305071,15,Xanh vỏ đỗ
2,28305071,16,Xanh ghi.
2,27915026,1,Đen
2,27915026,2,Đỏ
2,27915026,3,Navy
2,27915026,4,Trắng
2,27841704,1,Xanh cổ vịt
2,27841704,2,Tím than
2,27841704,3,Đen
2,27841704,4,Xanh than nhạt
2,27841704,5,Xanh vỏ đỗ
2,27841704,6,Ghi
2,27841704,7,Cam
2,27841704,8,Xanh ghi
2,27841704,9,Xanh đá
2,27841704,10,Xanh Biển.
2,27841704,11,Xanh dương
2,27841704,12,Nâu
2,23372382,1,Rêu
2,23372382,2,Đỏ đô
2,23372382,3,Ghi Đậm
2,23372382,4,Đen
2,23372382,5,Ghi
2,23372382,6,Tím than
2,23372382,7,Xanh đen
2,23372382,8,Xanh than
2,23372382,9,Xanh trời
2,30716565,1,Xanh rêu
2,30716565,2,Xanh lơ
2,30716565,3,Xám
2,30716565,4,Đen
2,30174549,1,Trắng
2,30174549,2,Tím than
2,30174549,3,Xanh cổ vịt
2,30174549,4,Xanh dương
2,30174549,5,Xanh ngọc
2,30339735,1,Trắng 1
2,30339735,2,ĐEN 1
2,30339735,3,Xám đậm
2,30339735,4,Cổ vịt
2,30339735,5,Be
2,30335891,1,Cam
2,30335891,2,Xanh ngọc
2,30335891,3,Đen 1
2,30335891,4,Trắng 1
2,31870013,1,Grey
2,31870013,2,Xanh ngọc
2,31870013,3,Xanh dương
2,31870013,4,Đen
2,30339736,1,ĐEN 1
2,30339736,2,Trắng 1
2,30338730,1,Đỏ
2,30338730,2,Be
2,30338730,3,Xám đậm
2,30338730,4,Xanh cổ vịt
2,30338730,5,Trắng 1
2,30338730,6,ĐEN 1
2,30338730,7,Navy
2,30338730,8,Bã Trầu
2,30338730,9,Cam
2,30338730,10,Xanh ngọc
2,29655064,1,Đen
2,29655064,2,Trắng
2,29652058,1,Xanh dương
2,29652058,2,Trắng
2,29652058,3,Navy
2,29652058,4,Đen
2,29652058,5,Xám
2,32493677,1,Be
2,32493677,2,Trắng
2,32493677,3,Đen
2,29505372,1,Vàng
2,29505372,2,Xanh rêu
2,29505372,3,Đen
2,29505372,4,Trắng
2,30386828,1,Xanh lơ
2,30386828,2,Trắng
2,30386828,3,Vàng
2,30386828,4,Nâu
2,30386828,5,Xanh coban
2,30386828,6,Navy
2,30711923,1,Be
2,30711923,2,Xanh lơ
2,30711923,3,Vàng
2,30711923,4,Trắng
2,30574100,1,Trắng
2,30574100,2,Navy
2,30574100,3,Đen
2,29654817,1,Navy phối Trắng
2,29654817,2,Trắng phối vàng
2,29654817,3,Trắng phối đỏ
2,29654817,4,Vàng Phối Navy
2,29907750,1,Navy
2,29907750,2,Trắng
2,29907750,3,Cafe
2,29907750,4,Xanh
2,29600863,1,Xanh lơ
2,29600863,2,Xanh lục
2,29600863,3,Cam đất
2,29600863,4,Xám
2,29600863,5,Navy
2,29600863,6,XÁM 1
2,30339746,1,Cam
2,30339746,2,Xanh Lá
2,30339746,3,Đen
2,30339746,4,Tím than
2,30339746,5,Trắng
2,30339746,6,Xanh blue
2,27918184,1,Đen
2,27918184,2,Trắng
2,27918184,3,Xanh rêu
2,27918184,4,Xanh ngọc
2,27918184,5,Đỏ
2,27918184,6,Cam
2,30340207,1,Đen
2,30340207,2,Xanh lục
2,30340207,3,Nâu đỏ
2,30340207,4,Xanh coban
2,30340207,5,Trắng
2,30340207,6,Nâu đỏ 1
2,30340207,7,Xanh coban 1
2,30340207,8,Đen 1
2,30340207,9,Trắng 1
2,24567763,1,Ghi
2,24567763,2,Đen
2,24567763,3,Navy
2,24567763,4,Xanh ngọc
2,24567763,5,Trắng
2,24567763,6,Trắng tinh
2,30340185,1,XANH LƠ NAVY
2,30340185,2,ĐEN XANH LÁ
2,24567764,1,Đen
2,24567764,2,Trắng
2,24567764,3,Ghi
2,24567764,4,Xanh lơ
2,24567764,5,Xanh mint
2,24567764,6,Tím than
2,24567764,7,Đỏ
2,29162349,1,Xanh
2,29162349,2,Đỏ
2,29162349,3,Đen
2,29162349,4,Grey
2,29162349,5,Trắng
2,29504786,1,Navy
2,29504786,2,Trắng
2,29504786,3,Cam
2,29504786,4,Đen
2,29504786,5,Xanh rêu
2,29578558,1,Xanh coban
2,29578558,2,Đen
2,29578558,3,Trắng
2,29578558,4,Xanh rêu
2,30174536,1,Trắng
2,30174536,2,Xanh blue
2,30174536,3,Xanh Lá
2,30174536,4,Cam
2,30174536,5,Tím than
2,30174536,6,Navy
2,30174536,7,Đen
2,29894827,1,Xanh trắng
2,29894827,2,Trắng phối navy
2,29894827,3,Trắng ghi
2,29894827,4,Nâu trắng
2,29894827,5,Ghi trắng
2,30335814,1,Vàng
2,30335814,2,Xanh mint
2,30335814,3,Trắng
2,30335814,4,Xanh blue
2,30335814,5,Navy
2,29887720,1,Xanh rêu
2,29887720,2,Navy
2,29887720,3,Xanh xám
2,24838175,1,Trắng
2,24838175,2,Vàng
2,24838175,3,Xanh mint
2,24838175,4,Đỏ
2,24838175,5,Navy
2,24838175,6,Đen
2,29844050,1,Xanh Biển
2,29844050,2,Trắng
2,29844050,3,Đen
2,29844050,4,Đỏ
2,29844050,5,Navy
2,29504793,1,Trắng
2,29504793,2,Đen
2,29504793,3,Vàng
2,29504793,4,Đỏ
2,29504793,5,Nâu
2,29504793,6,Xanh coban
2,29504793,7,Navy
2,29504793,8,Xanh Lá
2,29504793,9,Đỏ đậm
2,29888726,1,Trắng
2,29907782,1,Nâu
2,29907782,2,Xanh lục
2,29907782,3,Navy
2,29907782,4,Đen
2,29907782,5,Xanh xám
2,23371828,1,Đỏ đô
2,23371828,2,Xanh Biển
2,23371828,3,Vàng
2,23371828,4,Xanh ngọc
2,23371828,5,Tím than
2,23371828,6,Xanh coban
2,23371828,7,Vàng nghệ
2,23371828,8,Trắng kem
2,23371828,9,Đen
2,23371828,10,Hồng
2,23371828,11,Vàng nhạt
2,23371828,12,Nâu
2,23371828,13,Xanh nhạt
2,23371828,14,Vàng đậm
2,23371828,15,Trắng 1
2,23371826,1,Xanh xám
2,23371826,2,Xanh Lam
2,23371826,3,Đỏ ML
2,23371826,4,Đen ML
2,23371826,5,Xanh bích
2,23371826,6,Xanh ngọc 1
2,23371826,7,Trắng
2,23371826,8,Xanh dương
2,23371826,9,Nâu
2,23371826,10,Xanh ngọc
2,23371826,11,Hồng
2,23371826,12,Vàng
2,23371826,13,Đỏ đô
2,23371826,14,Cam
2,23371826,15,Xanh Biển
2,23371826,16,Đen melange 1
2,23371826,17,Xanh cổ vịt
2,23371826,18,Xanh rêu
2,23371826,19,Xanh dương 1
2,23599817,1,Xanh coban
2,23599817,2,Vàng
2,23599817,3,Trắng
2,23599817,4,Xanh ngọc
2,23599817,5,Xanh vỏ đỗ
2,23599817,6,Hồng
2,23599817,7,Tím than
2,23599817,8,Tím
2,23599817,9,Hồng đất
2,23599817,10,Nâu nhạt
2,23371829,1,Grey
2,23371829,2,Vàng
2,23371829,3,Trắng phối navy
2,23371829,4,Navy
2,23371829,5,Trắng nâu
2,23371829,6,Nâu
2,23371829,7,Đỏ
2,23371829,8,Xanh lá
2,29976893,1,Nâu
2,29976893,2,Xanh
2,29976893,3,Xanh rêu
2,29976893,4,Navy
2,29976893,5,Xanh xám
2,30190160,1,Xanh phối trắng
2,30190160,2,Navy Phối Trắng 1
2,30190160,3,Trắng phối đen
2,30190160,4,Trắng phối navy
2,30190160,5,Navy phối Trắng
2,23371834,1,Cam đất
2,23371834,2,Hồng
2,23371834,3,Trắng
2,23371834,4,Đen
2,23371834,5,Xám
2,23371834,6,Cam đất 1
2,23371834,7,Đen 1
2,23371834,8,Hồng 1
2,23371834,9,Xanh coban
2,23371834,10,Xanh ngọc
2,24900777,1,Trắng 1
2,24900777,2,Đỏ
2,24900777,3,Vàng
2,24900777,4,Navy
2,24900777,5,Trắng
2,24900777,6,Đen
2,24900777,7,Xanh ngọc
2,24900777,8,Đỏ 1
2,24900777,9,Trắng ngà
2,27583008,1,Xanh coban
2,27583008,2,Trắng
2,27583008,3,Vàng
2,27583008,4,Xanh Biển
2,26599930,1,Xanh coban
2,26599930,2,Xanh Biển
2,26599930,3,Xanh thiên thanh
2,26599930,4,Hồng
2,26599930,5,Xanh lơ
2,26599930,6,Xanh lục
2,26599930,7,Đỏ
2,26599930,8,Nâu cam
2,26599930,9,Đỏ 1
2,26599930,10,nâu cam 1
2,27136573,1,Xanh lơ
2,27136573,2,Nâu
2,27136573,3,Xanh mint
2,27136573,4,Vàng
2,27136573,5,Navy
2,27136573,6,Đỏ
2,23599816,1,Đỏ đô
2,23599816,2,Trắng
2,23599816,3,Hồng
2,23599816,4,Xanh Lá
2,23599816,5,Xanh Biển
2,23599816,6,Cam đất
2,25198525,1,Vàng
2,25198525,2,Đỏ đô
2,25198525,3,Tím than
2,25198525,4,Trắng
2,25198525,5,Xanh đá
2,26599991,1,Xanh Biển
2,26599991,2,Xanh Lá
2,26599991,3,Đỏ
2,26599991,4,Nâu
2,26599991,5,Navy
2,25189691,1,Đỏ
2,25189691,2,Trắng
2,25189691,3,Đen
2,25189691,4,Navy
2,25189691,5,Nâu
2,25189691,6,Vàng
2,25189691,7,Xanh ngọc
2,25189691,8,Navy 1
2,32522352,1,Xanh lục
2,32522352,2,Đen
2,32522352,3,Nâu
2,32522352,4,Navy
2,32522352,5,Ghi Đậm
2,30277579,1,Trắng 1
2,30277579,2,Đen 1
2,30277579,3,Navy
2,30277579,4,Xanh oliver
2,30277579,5,Nâu
2,30276630,1,Xanh cổ vịt
2,30276630,2,ĐEN 1
2,30276630,3,Xanh đậm
2,30276630,4,Nâu
2,30276630,5,Trắng 1
2,28426582,1,Xanh
2,28426582,2,Đen
2,28426582,3,Tím Than.
2,28426581,1,Xanh
2,28426581,2,Đen trắng
2,28426581,3,Tím than
2,28426581,4,Đen
2,28165547,1,Navy
2,28165547,2,Đen
2,28165547,3,Cam
2,28165547,4,Xanh lục
2,27907681,1,Ghi Sáng
2,27907681,2,Navy
2,27907681,3,Đen
2,27907681,4,Cổ vịt
2,27884101,1,Xanh oliver
2,27884101,2,Xám
2,27884101,3,Cổ vịt
2,27884101,4,Đen
2,27884101,5,Navy
2,26221257,1,Trắng đen
2,26221257,2,Đen ghi
2,26221257,3,Trắng tím than
2,23372444,1,Trắng
2,23372444,2,Xanh nhạt
2,23372444,3,Tím than
2,23372444,4,Xanh đậm
2,23372444,5,Đen
2,23598208,1,Xanh đá
2,23598208,2,Xanh đậm
2,23598208,3,Hồng
2,23598208,4,Ghi sáng
2,23598208,5,Xanh nhạt
2,23598208,6,Nâu sữa
2,23598208,7,Xanh ghi
2,23598208,8,Ghi Đậm
2,23598208,9,Xanh đá nhạt
2,23808416,1,Trắng
2,23808416,2,Tím than
2,23808416,3,Xanh đậm
2,23808416,4,Xanh nhạt
2,27195409,1,Đen
2,27195409,2,Trắng
2,27195409,3,Xanh nhạt
2,27195409,4,Tím than
2,27195410,1,Đen
2,27195410,2,Trắng
2,27195410,3,Xanh nhạt
2,31184380,1,Xanh đậm
2,31184380,2,Ghi
2,31184380,3,Xanh lơ
2,31184380,4,Cổ vịt
2,31184379,1,Xanh đậm
2,31184379,2,Cổ vịt
2,31184379,3,Xanh lơ
2,31184379,4,Ghi
2,30712001,1,Ghi
2,30712001,2,Xanh ghi
2,30712001,3,Xanh lơ
2,30712001,4,Navy
2,30342173,1,Trắng
2,30342173,2,Xanh nhạt
2,30342173,3,Ghi
2,30342173,4,Tím than
2,30342173,5,Đen
2,30338733,1,Kẻ đỏ
2,30338733,2,Kẻ vàng
2,30338729,1,Kẻ navy
2,30338729,2,Kẻ xanh đậm
2,30338729,3,Kẻ trắng
2,30338729,4,Kẻ xanh.
2,30338729,5,Kẻ đen
2,30335816,1,Tím than
2,30335816,2,Trắng
2,30335816,3,Đen
2,30335816,4,Ghi
2,30335816,5,Xanh nhạt
2,30058788,1,Trắng
2,30058788,2,Đen
2,30058788,3,Tím than
2,29906436,1,Tím than
2,29906436,2,Ghi
2,29906436,3,Trắng
2,29906436,4,Hồng
2,29906436,5,Đen
2,29658467,1,Kẻ navy
2,29658467,2,Kẻ Xanh
2,29658467,3,Kẻ ghi
2,29658466,1,Đen
2,29658466,2,Tím than
2,29658466,3,Xanh
2,29000584,1,Tím than
2,29000584,2,Ghi
2,29000584,3,Hồng
2,29000584,4,Trắng
2,29000584,5,Đen
2,29000578,1,Kẻ vàng
2,29000578,2,Kẻ nâu
2,29000578,3,Kẻ đen
2,29000577,1,Đen
2,29000577,2,Xanh đậm
2,29000577,3,Tím than
2,29000577,4,Bã Trầu
2,27884033,1,Kẻ Xanh
2,27884033,2,Kẻ trắng
2,27884033,3,Kẻ xám
2,27393178,1,Kẻ đen
2,27393178,2,Kẻ xanh lục.
2,27393178,3,Kẻ Xanh
2,25199190,1,Hoạ tiết tím
2,25199139,1,Kẻ đen
2,25199139,2,Kẻ xanh lục.
2,25199139,3,Kẻ Xanh
2,32875547,1,Xanh ghi.
2,32875547,2,Xanh nhạt
2,32875547,3,Xanh đá
2,32875547,4,Xanh đậm
2,32875547,5,Ghi Sáng
2,27918190,1,Đen
2,27918190,2,Tím than
2,27918190,3,Xanh than
2,27918190,4,Xám
2,27918190,5,Be
2,27915029,1,Đen
2,27915029,2,Tím than
2,27915029,3,Xanh than
2,27915029,4,Xám
2,27915029,5,Be
2,27505298,1,Đen
2,27505298,2,Tím than
2,27505298,3,Xanh than
2,27505298,4,Xám
2,27505298,5,Be
2,32502425,1,Tím than
2,32502425,2,Xanh xám
2,32502425,3,Vàng
2,32502425,4,Đen
2,32874742,1,Đen
2,32874742,2,Tím than
2,32874742,3,Ghi
2,32874742,4,Ghi Đậm
2,32874742,5,Vàng cát
2,32894326,1,Tím than
2,32894326,2,Đen
2,32894326,3,Ghi
2,32894326,4,Ghi Đậm
2,32894326,5,Vàng cát
2,23372408,1,Xanh
2,23372408,2,Xanh đậm
2,28348825,1,Xanh đậm
2,28348825,2,Xanh
2,30339873,1,Xanh
2,30339873,2,Xanh trời
2,29888456,1,Xanh
2,29888456,2,Xanh đậm
2,30060519,1,Xanh đậm
2,30060519,2,Xanh
2,29297682,1,Xanh
2,29297682,2,Xanh đậm
2,29297681,1,Xanh
2,29297681,2,Xanh đậm
2,27144587,1,Xanh
2,27144587,2,Xanh đậm
2,32486677,1,Xanh nhạt
2,32486677,2,Xanh trung
2,32493682,1,Xanh nhạt
2,32493682,2,Xanh trung
2,23472589,1,Đen
2,23472589,2,Xanh nhạt
2,23472589,3,Xanh đen
2,23472589,4,Tím than
2,23472589,5,Ghi sáng
2,23472589,6,Xanh đậm
2,23472589,7,Xám đậm
2,23472589,8,Tím than 2
2,23472589,9,Nâu
2,23372393,1,Nâu
2,23372393,2,Đen
2,23372393,3,Tím than
2,23372393,4,Vàng
2,23372393,5,Ghi Đậm
2,23372393,6,Ghi đậm 2
2,23372393,7,Ghi sáng
2,23372393,8,Xám
2,23372393,9,Xám đá
2,23372393,10,Xanh đậm
2,23372393,11,Xanh đen
2,23372393,12,Xanh nhạt
2,23372394,1,Be
2,23372394,2,Tím than
2,23372394,3,Ghi sáng
2,23372394,4,Ghi Đậm
2,29844054,1,Xanh đậm
2,29844054,2,Ghi sáng
2,29844054,3,Tím than
2,29844054,4,Đen
2,29844054,5,Xám đá
2,29871492,1,Ghi
2,29871492,2,Nâu
2,29871492,3,Xanh đen
2,29871492,4,Đen
2,29871492,5,Tím than
2,29887988,1,Be
2,29887988,2,Đen
2,29887988,3,Ghi
2,29887988,4,Xanh đậm
2,29887988,5,Ghi Đậm
2,30107552,1,Đen
2,30107552,2,Tím than
2,30107552,3,Ghi Sáng
2,30107552,4,Ghi Đậm
2,30107552,5,Xanh đậm
2,30339827,1,Tím than
2,30339827,2,Be
2,30339827,3,Đen
2,30339827,4,Ghi
2,30339827,5,Ghi Đậm
2,30716561,1,Be
2,30716561,2,Ghi
2,30716561,3,Tím than
2,30716561,4,Đen
2,30716561,5,Ghi Đậm
2,32502430,1,Đen
2,32502430,2,Tím than
2,32502430,3,Xanh đen
2,32502430,4,Xám đậm
2,32502430,5,Nâu
2,32502430,6,Ghi
2,27956875,1,Tím than
2,27956875,2,Ghi
2,27956875,3,Đen
2,27956875,4,Chì
2,32896303,1,Ghi
2,32896303,2,Ghi Đậm
2,32896303,3,Tím than
2,32896303,4,Đen
2,32896303,5,Be
2,23598005,1,Đen
2,23598005,2,Xanh đá
2,23598005,3,Be
2,23598005,4,Ghi
2,23598005,5,Xanh nhạt
2,24900781,1,Đen
2,24900781,2,Ghi
2,24900781,3,Tím than
2,24900781,4,Xám
2,24900781,5,Xanh
2,24900782,1,Be
2,24900782,2,Xanh nhạt
2,24900782,3,Đen
2,24900782,4,Ghi
2,24900782,5,Xanh đá
2,24900782,6,Tím than
2,25142068,1,Ghi
2,25142068,2,Be
2,25142068,3,Xanh nhạt
2,25142068,4,Xanh đá
2,25142068,5,Đen
2,25145213,1,Xanh đậm
2,25145213,2,Ghi
2,25145213,3,Tím than
2,25145213,4,Đen
2,25145214,1,Đen
2,25145214,2,Ghi
2,25145214,3,Tím than
2,25145214,4,Xanh đậm
2,25145214,5,xanh đậm 1
2,25145215,1,Tím than
2,25145215,2,Ghi
2,25145215,3,Đen
2,25145215,4,Xanh đậm
2,25145216,1,Đen
2,25145216,2,Tím than
2,25145216,3,Xanh đậm
2,25145216,4,Ghi sáng
2,25145217,1,Đen
2,25145217,2,Ghi sáng
2,25145217,3,Tím than
2,25145217,4,Xanh đậm
2,27435528,1,Đen
2,27435528,2,Tím than
2,28125037,1,Tím than
2,28125037,2,Đen
2,28125037,3,Xanh than
2,28125037,4,Ghi Sáng
2,28125037,5,Xám
2,29652137,1,Tím than
2,29652137,2,Ghi Sáng
2,29652137,3,Xám
2,29652137,4,Xanh đậm
2,29652137,5,Đen
2,29652137,6,Nâu
2,29754424,1,Xám
2,29754424,2,Ghi Sáng
2,29754424,3,Đen
2,29754424,4,Tím than
2,29754424,5,Xanh đậm
2,29857237,1,Đen
2,29857237,2,Ghi Sáng
2,29857237,3,Tím than
2,29857237,4,Xanh đậm
2,29857237,5,Ghi Sáng 1
2,30338888,1,Xám
2,30338888,2,Tím than
2,30338888,3,Đen
2,30338888,4,Cổ vịt
2,30342168,1,Ghi Đậm
2,30342168,2,Đen
2,30342168,3,Tím than
2,30342168,4,Vàng cát
2,30342168,5,Ghi
2,30342162,1,Be
2,30342162,2,Đen
2,30342162,3,Xanh đá
2,30342162,4,Ghi
2,30342162,5,Xanh nhạt
2,30340208,1,Ghi
2,30340208,2,Xanh dương
2,30340208,3,Xanh cổ vịt
2,30340208,4,Đen
2,30339871,1,Ghi
2,30339871,2,Ghi Đậm
2,30339871,3,Tím than
2,30339871,4,Đen
2,30339871,5,Vàng cát
2,30712002,1,Đen
2,30712002,2,Ghi
2,30712002,3,Tím than
2,30712002,4,Vàng cát
2,30712002,5,Ghi Đậm
2,31005108,1,Ghi
2,31005108,2,Tím than
2,31005108,3,Đen
2,31856361,1,Navy
2,31856361,2,Đen
2,31856361,3,Tàn
2,27436189,1,Đen
2,27436189,2,Tím than
2,29643149,1,Xanh xám
2,29643149,2,Đen
2,29643149,3,Xanh dương
2,29643148,1,Xanh xám
2,29643148,2,Đen
2,29643148,3,Xanh dương
2,28225514,1,Đen
2,28225514,2,Xám nhạt
2,28225514,3,Xanh đen
2,31156389,1,Đỏ
2,31156389,2,Đen
2,31151480,1,Đen
2,30825156,1,Đen
2,30825156,2,Be
2,30716660,1,Đen
2,30716660,2,Navy
2,30716660,3,Ghi
2,30716660,4,Đổ đô
2,30716659,1,Xanh
2,30712207,1,Navy
2,30712207,2,Xanh
2,30712207,3,Hồng
2,30712207,4,Đen
2,30339997,1,Đen melange 1
2,29888299,1,Đen
2,28460590,1,Navy
2,28460590,2,Đen
2,28460590,3,Hồng nhạt
2,28460590,4,Trắng
2,28401047,1,Đen
2,28401047,2,Caro đen
2,28120529,1,Đen
2,32874568,1,Đỏ
2,32874568,2,Navy
2,32874568,3,Xanh Lam
2,23371798,1,Cam
2,23371798,2,Hồng
2,23371798,3,Xanh đậm
2,23371798,4,Tím than
2,23371798,5,Đen
2,23371798,6,Nâu
2,23371798,7,Xanh
2,27144594,1,Cam
2,27144594,2,Đen
2,27144594,3,Navy
2,27144594,4,Xanh than
2,27144594,5,Ghi sáng
2,27278753,1,Hồng
2,27278753,2,Vàng
2,27278753,3,Cam
2,27278753,4,Xanh than
2,27278753,5,Ghi
2,27278753,6,Đen
2,27278753,7,Tím than
2,27278753,8,Xanh trời
2,32874823,1,Đen
2,32874823,2,Navy
2,32874823,3,Trắng kem
2,32874823,4,Tím
2,32874823,5,Nâu sữa
2,32502419,1,Đen
2,32502419,2,Xanh Biển
2,32502419,3,Cam đất
2,32502419,4,Đỏ đô
2,32502419,5,Hồng cam
2,32502419,6,Hồng đậm
2,32493597,1,Vàng
2,32493597,2,Đỏ đô
2,32493597,3,Cam
2,32493597,4,Tím than
2,32493597,5,Xanh Lá
2,32493597,6,Hồng
2,32493597,7,Xanh than
2,32482453,1,Đỏ đô
2,32482453,2,Vàng
2,32482453,3,Xanh Lá
2,32482453,4,Xanh than
2,32482453,5,Cam
2,32482453,6,Hồng
2,32482453,7,Tím than
2,27539000,1,Xanh ngọc
2,27539000,2,Cam đất
2,27539000,3,Xanh ghi.
2,27539000,4,Xanh vỏ đỗ
2,27539000,5,Cam
2,27539000,6,Xanh cổ vịt
2,27539000,7,Hồng đậm
2,27433365,1,Xanh trời
2,27433365,2,Tím than
2,27433365,3,Hồng
2,27433365,4,Cam
2,27433365,5,Vàng
2,27433365,6,Xanh than
2,27433365,7,Ghi
2,27433365,8,Đen
2,27144585,1,Đen
2,27144585,2,Hồng
2,27144585,3,Xanh bạc hà
2,27144585,4,Xanh ngọc
2,27144585,5,Tím than
2,27144585,6,Đỏ đô
2,27144585,7,Hồng đậm
2,27144585,8,Xanh Biển.
2,27144585,9,Cam đất
2,23466569,1,Hồng
2,23466569,2,Xanh
2,23466569,3,Đen
2,23466569,4,Đỏ đô
2,23466569,5,Tím than
2,32894339,1,Trắng phối nâu
2,32894339,2,Trắng phối xanh đậm
2,32894339,3,Trắng phối đỏ
2,32894335,1,Navy
2,32894335,2,Be
2,32894335,3,Đỏ
2,32894335,4,Xanh đậm
2,32894334,1,Trắng.
2,32894334,2,Xanh coban
2,32894334,3,Đen
2,32894332,1,Trắng
2,32894332,2,Tàn
2,32874826,1,Trắng phối xanh lam
2,32874826,2,Trắng phối đỏ
2,32874826,3,Trắng phối đen
2,32502431,1,Trắng.
2,32502431,2,Neon
2,32502431,3,Hồng dâu
2,32502428,1,Kem
2,32502428,2,Tím
2,32502428,3,Đen
2,31032472,1,Trắng
2,31032472,2,Cam
2,31032472,3,Xanh Lá
2,30716578,1,Xanh chuối
2,30716578,2,Hồng
2,30716578,3,Đỏ
2,30716578,4,Xanh dương
2,30716578,5,Xanh lơ
2,30716578,6,Tím nhạt
2,30712202,1,Xanh Lá
2,30712202,2,Trắng
2,30710028,1,Trắng phối đỏ
2,30710028,2,Trắng xanh lá
2,30709932,1,Hồng
2,30709932,2,Trắng
2,30709873,1,Xanh lơ
2,30709873,2,Tím nhạt
2,30709873,3,Xanh chuối
2,30709873,4,Hồng
2,30709873,5,Đỏ
2,30709873,6,Xanh dương
2,30453322,1,Trắng 1
2,30453322,2,Xám chì
2,30174543,1,Đen
2,30174543,2,Trắng
2,30108910,1,Nâu
2,30108910,2,Xanh Lá
2,30108910,3,Xanh ngọc
2,30108910,4,Cam
2,30108910,5,Navy
2,30108910,6,Trắng 1
2,30108910,7,Vàng
2,30108910,8,ĐEN 1
2,30108910,9,Xanh dương
2,29888036,1,Vàng 1
2,29888036,2,Hồng nhạt
2,29888036,3,Navy
2,29888036,4,Xanh ngọc
2,29888036,5,Xanh Lá
2,29888036,6,Cam
2,29888036,7,ĐEN 1
2,29888036,8,Trắng 1
2,29888036,9,Nâu
2,29658761,1,Đen
2,29658761,2,Xanh Lá
2,29658761,3,Trắng
2,29655068,1,Hồng
2,29655068,2,Vàng.
2,29655068,3,Trắng
2,29504799,1,Vàng
2,29504799,2,Xanh ngọc
2,29504799,3,Đen
2,27791378,1,Vàng.
2,27791378,2,Tím
2,27791378,3,Trắng
2,27578126,1,Hồng
2,27578126,2,Trắng
2,27578126,3,Tím
2,27436177,1,Vàng
2,27436177,2,Tím nhạt
2,27436177,3,Trắng
2,27436177,4,Hồng
2,27436177,5,Tím đậm
2,24980065,1,Đỏ
2,24980065,2,Đen
2,24980065,3,Trắng
2,24980065,4,Vàng
2,24980065,5,Xanh dương
2,32964275,1,Đen
2,32964275,2,Xanh
2,32964275,3,Hồng
2,32964275,4,Cam
2,32875025,1,Tím
2,32875025,2,Hồng nhạt
2,32875025,3,Trắng.
2,32874744,1,Ghi Đậm
2,32874744,2,Đỏ
2,32492438,1,Xanh da trời
2,32492438,2,Hồng
2,30339996,1,Navy
2,30339996,2,Cam
2,30339996,3,Đỏ
2,30339996,4,Xanh dương
2,30339748,1,Tím
2,30339748,2,Hồng
2,30339748,3,Vàng
2,30339747,1,Tím Hồng
2,30339747,2,Cam đen
2,29897677,1,Trắng Xanh
2,29897677,2,Nâu be
2,29897677,3,Tím Hồng
2,29897674,1,Xanh đậm
2,29897674,2,Đỏ
2,27528856,1,Xanh đậm
2,27528856,2,Navy
2,27528856,3,Đen
2,27505282,1,Xanh ghi.
2,27505282,2,Hồng
2,27436176,1,Xanh cổ vịt
2,27436176,2,Xanh dương
2,27343781,1,Hồng
2,27343781,2,Xanh ghi
2,27324088,1,Hồng
2,27324088,2,Xanh ghi
2,27324088,3,Ghi
2,32875210,1,Hồng
2,32875210,2,Trắng
2,32875210,3,Xanh lơ
2,32875209,1,Đỏ
2,32875209,2,Trắng
2,32875209,3,Vàng
2,32875209,4,Xanh Lá
2,32491270,1,Cam
2,32491270,2,Trắng
2,30716564,1,Trắng
2,30711926,1,Trắng phối đen
2,30711926,2,Trắng phối be
2,30711926,3,Trắng phối tím
2,30342539,1,Trắng phối đen
2,30342539,2,Kem
2,30342539,3,Trắng phối tím
2,30339938,1,Trắng phối tím
2,30339938,2,Kem
2,30339938,3,Trắng phối đen
2,30206336,1,Navy phối Trắng
2,30206336,2,Trắng phối navy
2,30206336,3,Trắng phối đen
2,30206336,4,Xanh phối trắng
2,29888457,1,Trắng
2,29504794,1,Đỏ
2,29504794,2,Xanh Lá
2,29504794,3,Vàng
2,29504794,4,Trắng
2,29504794,5,Cam
2,29504790,1,Trắng
2,29504790,2,Vàng
2,29504790,3,Đỏ
2,29504790,4,Xanh Lá
2,29504790,5,Cam
2,29504782,1,Vàng
2,29504782,2,Xanh Biển
2,29504782,3,Xanh rêu
2,29504782,4,Trắng
2,29504781,1,Xanh lục
2,29504781,2,Đen
2,29504781,3,Xanh
2,29504781,4,Navy
2,26129976,1,Navy
2,26129976,2,Đỏ
2,26129976,3,Vàng
2,26129976,4,Trắng
2,26129976,5,Xanh ngọc
2,25190155,1,Vàng
2,25190155,2,Nâu
2,25190155,3,Navy
2,25190155,4,Trắng
2,25190155,5,Xanh mint
2,24900775,1,Navy
2,24900775,2,Tím
2,24900775,3,Trắng
2,24900775,4,Xanh ngọc
2,24900775,5,Trắng 1
2,24900775,6,Đỏ 1
2,24900775,7,Navy 1
2,24900775,8,Vàng 1
2,24900775,9,Đỏ
2,24900775,10,Vàng
2,24900775,11,Xanh ngọc 2
2,24900775,12,Tím cà
2,24900775,13,Trắng ngà
2,24900773,1,Hồng
2,24900773,2,Navy
2,24900773,3,Xanh lơ
2,24900773,4,Xanh mint
2,24900773,5,Tím
2,24900773,6,Trắng
2,24900773,7,Đỏ
2,24900773,8,Vàng
2,24566911,1,Hồng
2,24566911,2,Navy
2,24566911,3,Xanh Lam
2,24566911,4,Trắng
2,23599701,1,Vàng
2,23599701,2,Trắng 1
2,23599701,3,Xanh ngọc 1
2,23599701,4,Trắng
2,23599701,5,Hồng đất
2,23599701,6,Tím cà
2,23599701,7,Xanh vỏ đỗ
2,23599701,8,Xanh ngọc
2,23599701,9,Tím than
2,23599701,10,Hồng
2,23599701,11,Tím
2,23371951,1,Vàng
2,23371951,2,Navy
2,23371951,3,Trắng phối navy
2,23371951,4,Xanh lá
2,23371951,5,Trắng
2,23371948,1,Vàng
2,23371948,2,Đỏ
2,23371948,3,Navy
2,23371948,4,Trắng
2,23371948,5,Đen
2,23371938,1,Tím than
2,23371938,2,Trắng
2,23371938,3,Hồng
2,23371938,4,Xanh coban
2,23371938,5,Đen
2,23371938,6,Xanh biển đậm
2,23371938,7,Xanh Biển
2,23371938,8,Vàng
2,23371938,9,Xanh ngọc
2,23371938,10,Đỏ đô
2,23371935,1,Cam
2,23371935,2,Xanh biển
2,23371935,3,Xanh rêu
2,23371935,4,Xanh lam
2,23371935,5,Vàng 1
2,23371935,6,Vàng nhạt
2,23371935,7,Trắng
2,23371935,8,Vàng
2,23371935,9,Vàng ML
2,23371935,10,Hồng đậm
2,23371935,11,Hồng
2,23371935,12,Đỏ ML
2,23371935,13,Xanh dương
2,23371935,14,Xanh ngọc
2,23371935,15,Xanh bích
2,23371935,16,Đỏ
2,23371935,17,Xanh Lam 1
2,30342169,1,Trắng Họa Tiết.
2,30342169,2,Hồng Họa Tiết
2,30342169,3,Tím Họa Tiết
2,30340212,1,Trắng
2,30340212,2,Tím
2,30340212,3,Hồng
2,30338357,1,Họa tiết sao
2,30338357,2,Họa tiết cherry
2,30338357,3,Họa tiết hoa
2,30336507,1,Xanh ngọc
2,30336507,2,Nâu cam
2,29658760,1,Hồng
2,29654446,1,Trắng Xanh
2,29654446,2,Trắng tím
2,29654446,3,Trắng hồng
2,27529461,1,Kẻ đen
2,27529461,2,Kẻ vàng
2,27529461,3,Kẻ đỏ
2,27528859,1,Tím
2,27528859,2,Hồng sen
2,27505314,1,Vàng.
2,27505314,2,Xanh ngọc
2,27505314,3,Nâu
2,27505314,4,Hồng
2,27505314,5,Tím nhạt
2,30174545,1,Navy
2,30174545,2,Đen
2,30154873,1,Navy
2,30154873,2,Rêu
2,30154873,3,Xanh đậm
2,29965454,1,Rêu
2,29965454,2,Xanh đậm
2,29965454,3,Đen
2,29654821,1,Rêu
2,29654821,2,Đen
2,29504801,1,Hồng nhạt
2,29504801,2,Tím nhạt
2,29504801,3,Nâu
2,29504801,4,Đen
2,29504798,1,Cổ vịt
2,29504798,2,Ghi
2,29504798,3,Nâu
2,26554111,1,Cam
2,26554111,2,Đen
2,26554111,3,Hồng
2,26554111,4,Tím
2,26554111,5,Xanh ngọc
2,26554111,6,Xanh chuối
2,26554111,7,Ghi tàn
2,26554111,8,Kem
2,25534802,1,Be
2,25534802,2,Đen
2,25534802,3,Ghi
2,25534802,4,Tím than
2,25534802,5,Xanh lơ
2,25533615,1,Ghi
2,25533615,2,Be
2,25533615,3,Tím than
2,25533615,4,Đen
2,25533615,5,Xanh lơ