option_id,product_id,sku_id,value_id
2,27307100,865,1
2,27307100,878,2
2,27307100,893,3
2,27307100,878,4
2,27307100,871,5
2,27307100,897,6
2,27307100,900,7
2,27307100,872,8
2,27921873,883,1
2,27921873,905,2
2,27921873,879,3
2,27921873,886,4
2,27921873,868,5
2,27921873,898,6
2,27921873,886,7
2,27921873,901,8
2,27921873,879,9
2,27921873,867,10
2,27921873,883,11
2,27921873,873,12
2,27921873,883,13
2,27921873,892,14
2,27921873,905,15
2,27921873,837,16
2,27921873,885,17
2,27921873,905,18
2,27921873,901,19
2,27921873,901,20
2,23371806,866,1
2,23371806,885,2
2,23371806,898,3
2,23371806,872,4
2,23371806,879,5
2,23371806,860,6
2,23371806,890,7
2,23371806,882,8
2,32502418,900,1
2,32502418,897,2
2,32502418,865,3
2,32502418,878,4
2,32502418,871,5
2,32502418,885,6
2,32502418,861,7
2,27144590,880,1
2,27144590,884,2
2,27144590,867,3
2,27144590,902,4
2,27144590,873,5
2,27144590,887,6
2,27144590,880,7
2,32618202,879,1
2,32618202,898,2
2,32618202,886,3
2,32618202,872,4
2,32894329,893,1
2,32894329,911,2
2,32894329,904,3
2,27436204,894,1
2,27436204,873,2
2,27436204,891,3
2,27505276,877,1
2,27505276,914,2
2,27505276,888,3
2,27505276,895,4
2,27505276,888,5
2,27505276,876,6
2,27505276,846,7
2,27505276,914,8
2,27505276,891,9
2,27505276,894,10
2,27505276,907,11
2,27505276,914,12
2,27505276,892,13
2,27505276,892,14
2,27505276,910,15
2,27505276,901,16
2,27505276,892,17
2,27505276,882,18
2,32894330,909,1
2,32894330,891,2
2,32894330,902,3
2,32830699,925,1
2,32830699,915,2
2,32830699,869,3
2,32830697,930,1
2,32830697,912,2
2,32830697,899,3
2,32830697,913,4
2,32830697,918,5
2,32493596,885,1
2,32493596,878,2
2,32493596,897,3
2,32493596,885,4
2,32493596,879,5
2,32493596,874,6
2,32493596,911,7
2,32486678,893,1
2,28089224,896,1
2,28089224,917,2
2,28048432,899,1
2,28048432,888,2
2,27918188,893,1
2,27918188,912,2
2,27918187,898,1
2,27918187,924,2
2,27918187,905,3
2,23372384,885,1
2,23372384,878,2
2,23372384,904,3
2,23372384,885,4
2,23372384,899,5
2,23372384,897,6
2,23372384,866,7
2,23372384,888,8
2,23372384,878,9
2,23372384,891,10
2,23372384,900,11
2,23372384,867,12
2,23372384,864,13
2,23372384,900,14
2,30390115,894,1
2,30390115,905,2
2,30390115,921,3
2,30390115,919,4
2,30390115,928,5
2,30390115,888,6
2,30390115,899,7
2,30390115,909,8
2,30390115,929,9
2,29964651,897,1
2,29964651,917,2
2,29964651,871,3
2,29964651,892,4
2,29964651,851,5
2,29964651,922,6
2,29964651,910,7
2,30247846,922,1
2,30247846,926,2
2,30247846,868,3
2,30648268,927,1
2,30648268,931,2
2,30648268,861,3
2,30648268,926,4
2,30648268,881,5
2,30648268,913,6
2,30648268,917,7
2,30668143,919,1
2,30668143,894,2
2,30668143,853,3
2,30668143,873,4
2,30339735,867,1
2,30339735,847,2
2,30339735,905,3
2,30339735,921,4
2,30339735,888,5
2,30335891,891,1
2,30335891,919,2
2,30335891,845,3
2,30335891,865,4
2,29888034,924,1
2,29888034,858,2
2,29888034,928,3
2,29888034,899,4
2,29888034,878,5
2,29888034,904,6
2,29888034,893,7
2,29888034,923,8
2,30338730,898,1
2,30338730,887,2
2,30338730,904,3
2,30338730,924,4
2,30338730,866,5
2,30338730,846,6
2,30338730,912,7
2,30338730,915,8
2,30338730,892,9
2,30338730,920,10
2,30339736,849,1
2,30339736,869,2
2,24980067,933,1
2,24980067,907,2
2,24980067,914,3
2,24980067,923,4
2,24980067,925,5
2,24559892,902,1
2,24559892,921,2
2,24559892,914,3
2,24559892,902,4
2,24559892,909,5
2,24559892,921,6
2,24559892,918,7
2,23600294,903,1
2,23600294,882,2
2,23600294,895,3
2,30384152,938,1
2,30384152,926,2
2,30384152,926,3
2,30384152,860,4
2,30384152,880,5
2,30340186,907,1
2,30340186,921,2
2,30340186,920,3
2,30340186,875,4
2,30340186,855,5
2,30339941,898,1
2,30339941,926,2
2,30339941,872,3
2,30339941,852,4
2,30276968,853,1
2,30276968,873,2
2,30276968,927,3
2,30276968,924,4
2,30174558,857,1
2,30174558,877,2
2,30174556,927,1
2,30174556,873,2
2,30174556,853,3
2,30174556,912,4
2,30174556,931,5
2,30174547,873,1
2,29897010,869,1
2,29897010,849,2
2,29897010,920,3
2,29896222,899,1
2,29896222,873,2
2,29896120,918,1
2,29896120,867,2
2,29896120,847,3
2,29896118,920,1
2,29896118,874,2
2,29896118,937,3
2,29896118,932,4
2,29896118,854,5
2,29896117,859,1
2,29896117,879,2
2,25145258,914,1
2,25145258,924,2
2,25145258,910,3
2,25145258,936,4
2,25145258,926,5
2,24566485,925,1
2,24566485,899,2
2,24566485,899,3
2,24566485,893,4
2,24566485,906,5
2,24566485,915,6
2,29505173,910,1
2,29505173,906,2
2,29505173,922,3
2,29505173,930,4
2,30442036,914,1
2,30442036,869,2
2,30442036,915,3
2,30442036,915,4
2,30442036,849,5
2,30339737,925,1
2,32493677,867,1
2,32493677,894,2
2,32493677,878,3
2,32482454,897,1
2,32482454,899,2
2,32482454,909,3
2,32482454,884,4
2,32482454,883,5
2,32482454,896,6
2,32482454,883,7
2,32202419,901,1
2,32202419,898,2
2,32202419,885,3
2,32202419,886,4
2,32202419,885,5
2,30339829,894,1
2,30339829,924,2
2,30339829,922,3
2,29857238,890,1
2,29857238,867,2
2,29857238,887,3
2,29857238,873,4
2,32830249,890,1
2,32830249,899,2
2,32830249,886,3
2,32486525,912,1
2,32486525,900,2
2,32486525,886,3
2,32486525,899,4
2,32894320,900,1
2,32894320,873,2
2,32894320,884,3
2,32830701,887,1
2,32830701,876,2
2,30712196,908,1
2,30712196,896,2
2,30712196,905,3
2,30388956,866,1
2,30388956,899,2
2,30388956,911,3
2,30388956,890,4
2,30388956,897,5
2,30388951,907,1
2,30388951,886,2
2,30388951,895,3
2,30388951,868,4
2,30709933,911,1
2,30709933,902,2
2,30709933,899,3
2,30709933,883,4
2,30709933,843,5
2,27914257,901,1
2,27914257,879,2
2,27914257,903,3
2,27914257,895,4
2,27914257,879,5
2,27914257,873,6
2,30386827,894,1
2,30386827,889,2
2,30386827,890,3
2,30386827,895,4
2,30386827,841,5
2,30388955,887,1
2,30388955,904,2
2,30388955,880,3
2,30388955,890,4
2,30339872,896,1
2,30339872,882,2
2,30339872,898,3
2,30339872,906,4
2,29896510,898,1
2,29896510,899,2
2,29896510,878,3
2,29896510,884,4
2,29896510,900,5
2,29896510,891,6
2,29896510,898,7
2,30174538,896,1
2,30174538,897,2
2,30174538,888,3
2,30174538,875,4
2,30174538,895,5
2,30174538,881,6
2,30174552,904,1
2,30174552,902,2
2,29887721,885,1
2,29887721,902,2
2,29887721,892,3
2,29504785,908,1
2,29504785,916,2
2,29504785,912,3
2,29504785,910,4
2,29504791,891,1
2,29504791,900,2
2,29504791,884,3
2,29504791,878,4
2,29504791,898,5
2,29504791,887,6
2,29504791,884,7
2,29504791,903,8
2,29504791,898,9
2,29896511,903,1
2,29896511,924,2
2,29896218,899,1
2,29896218,900,2
2,29896218,892,3
2,29896218,913,4
2,29896218,901,5
2,29844051,894,1
2,29844051,882,2
2,29844051,896,3
2,29844051,898,4
2,29844051,882,5
2,29844053,893,1
2,29844053,898,2
2,29844053,873,3
2,29844053,898,4
2,29844053,895,5
2,29844053,886,6
2,29504787,919,1
2,29504787,907,2
2,29504787,885,3
2,29504787,905,4
2,29504787,891,5
2,29505373,883,1
2,29505373,900,2
2,29505373,876,3
2,29505373,892,4
2,29599354,900,1
2,29599354,893,2
2,29599354,905,3
2,29599354,914,4
2,29599354,890,5
2,29888725,897,1
2,24838179,882,1
2,24838179,889,2
2,24838179,910,3
2,24838179,898,4
2,24838179,896,5
2,24838179,882,6
2,23371857,836,1
2,23371857,881,2
2,23371857,884,3
2,23371857,838,4
2,23371857,824,5
2,23371857,852,6
2,23371857,897,7
2,23371857,873,8
2,23371857,903,9
2,23371857,883,10
2,23371857,903,11
2,23371857,899,12
2,23371857,884,13
2,23371857,898,14
2,23371857,886,15
2,23371857,901,16
2,23371857,889,17
2,23371857,871,18
2,23371857,890,19
2,23371857,915,20
2,23371857,893,21
2,23371858,865,1
2,23371858,904,2
2,23371858,882,3
2,23371858,895,4
2,23371858,889,5
2,23371858,871,6
2,23371858,897,7
2,23371858,850,8
2,23371858,889,9
2,23371858,894,10
2,23371858,882,11
2,23371858,908,12
2,23371858,820,13
2,23371858,886,14
2,23371858,905,15
2,23371858,895,16
2,23371858,903,17
2,23600077,860,1
2,23600077,884,2
2,23600077,835,3
2,23600077,893,4
2,23600077,884,5
2,23600077,899,6
2,23600077,903,7
2,23600077,896,8
2,23600077,836,9
2,23600077,886,10
2,23600077,890,11
2,29770462,881,1
2,29770462,868,2
2,29770462,891,3
2,23371860,836,1
2,23371860,842,2
2,23371860,884,3
2,23371860,889,4
2,23371860,891,5
2,23371860,913,6
2,23371860,890,7
2,23371860,884,8
2,23371860,891,9
2,23371860,877,10
2,29650053,898,1
2,29650053,886,2
2,29650053,902,3
2,24897575,832,1
2,24897575,844,2
2,24897575,828,3
2,24897575,890,4
2,24897575,899,5
2,24897575,897,6
2,24897575,905,7
2,24897575,883,8
2,24897575,902,9
2,24897575,883,10
2,27582799,868,1
2,27582799,897,2
2,27582799,892,3
2,27582799,901,4
2,23371863,883,1
2,23371863,898,2
2,23371863,866,3
2,23371863,905,4
2,23371863,899,5
2,23371863,890,6
2,23371863,887,7
2,23371863,818,8
2,23371863,820,9
2,23371878,904,1
2,23371878,890,2
2,23371878,897,3
2,23371878,903,4
2,23371878,890,5
2,23371878,886,6
2,23371878,906,7
2,23600076,891,1
2,23600076,879,2
2,23600076,886,3
2,23600076,893,4
2,23600076,895,5
2,23600076,883,6
2,24046787,896,1
2,24046787,905,2
2,24046787,889,3
2,24046787,896,4
2,24046787,903,5
2,24046787,889,6
2,24897385,828,1
2,24897385,897,2
2,24897385,883,3
2,24897385,883,4
2,24897385,890,5
2,24897385,905,6
2,24897385,896,7
2,24897574,895,1
2,24897574,879,2
2,24897574,879,3
2,24897574,893,4
2,24897574,892,5
2,24897574,886,6
2,24897574,898,7
2,24897574,886,8
2,24897574,907,9
2,24897574,869,10
2,24897574,907,11
2,24919759,897,1
2,24919759,907,2
2,24919759,891,3
2,24919759,881,4
2,24919759,894,5
2,24919759,882,6
2,25157543,890,1
2,25157543,909,2
2,25157543,889,3
2,25157543,883,4
2,25157543,899,5
2,25198428,897,1
2,25198428,911,2
2,25198428,883,3
2,25198428,907,4
2,25198428,905,5
2,32874740,884,1
2,32874740,898,2
2,32874740,897,3
2,32493676,895,1
2,32493676,877,2
2,32493676,901,3
2,32493676,888,4
2,27393965,866,1
2,27393965,891,2
2,27393965,871,3
2,27393965,890,4
2,27393965,877,5
2,27393965,893,6
2,27144586,905,1
2,27144586,913,2
2,30716570,908,1
2,30716570,913,2
2,23372413,911,1
2,23372413,915,2
2,23372413,890,3
2,23372413,903,4
2,23372413,897,5
2,23372413,893,6
2,23372413,916,7
2,24370220,896,1
2,24370220,916,2
2,24370220,911,3
2,24370220,893,4
2,24370220,903,5
2,30338732,888,1
2,30338732,892,2
2,27918177,914,1
2,27918177,906,2
2,27914260,912,1
2,27914260,917,2
2,27568304,905,1
2,27568304,913,2
2,27436262,917,1
2,27436262,909,2
2,27436205,896,1
2,27436205,905,2
2,27436205,888,3
2,27436205,903,4
2,27436205,895,5
2,27435529,904,1
2,27435529,896,2
2,27393180,895,1
2,27393180,903,2
2,27144588,913,1
2,27144588,910,2
2,27144588,914,3
2,24556139,909,1
2,24556139,901,2
2,23600265,894,1
2,23600265,887,2
2,23600265,890,3
2,23372420,889,1
2,23372420,882,2
2,23372420,907,3
2,23372420,903,4
2,23372420,885,5
2,23372420,908,6
2,23372420,900,7
2,23372419,881,1
2,23372419,922,2
2,23372419,897,3
2,23372417,906,1
2,23372417,893,2
2,23372417,904,3
2,23372414,901,1
2,23372414,893,2
2,23372414,906,3
2,32830110,917,1
2,32830110,936,2
2,28338884,898,1
2,28338884,904,2
2,28338884,913,3
2,23371923,890,1
2,23371923,916,2
2,27445246,895,1
2,27445246,911,2
2,27436167,893,1
2,27436167,914,2
2,27435526,888,1
2,27435526,901,2
2,27195414,889,1
2,27195414,878,2
2,27138438,899,1
2,27138438,883,2
2,27138438,886,3
2,27138438,896,4
2,27138438,901,5
2,23371921,901,1
2,23371921,864,2
2,23371921,875,3
2,23371921,888,4
2,23371921,882,5
2,23371919,867,1
2,23371919,885,2
2,23371919,904,3
2,23371919,878,4
2,23371919,891,5
2,23371918,853,1
2,23371918,891,2
2,23371918,869,3
2,23371918,869,4
2,23371918,885,5
2,32479246,874,1
2,32479246,888,2
2,32502422,903,1
2,32502422,919,2
2,32502422,890,3
2,32894323,885,1
2,32980245,898,1
2,32980245,884,2
2,27436174,873,1
2,27436174,884,2
2,27436174,897,3
2,27436174,885,4
2,23808414,878,1
2,23808414,904,2
2,23600057,880,1
2,23600057,884,2
2,23600057,910,3
2,23600057,873,4
2,23600075,907,1
2,23600075,881,2
2,23600075,893,3
2,23600075,869,4
2,23600075,870,5
2,23600075,890,6
2,27195400,889,1
2,27195400,885,2
2,27195400,898,3
2,27195400,890,4
2,27195400,887,5
2,29752839,912,1
2,29752839,884,2
2,29752839,880,3
2,29752839,875,4
2,27907510,907,1
2,27907510,905,2
2,27907510,878,3
2,27907510,881,4
2,32502423,873,1
2,32502423,897,2
2,32502423,880,3
2,32502423,884,4
2,32493683,877,1
2,32493683,873,2
2,32493683,903,3
2,32493683,866,4
2,32486523,888,1
2,32486523,879,2
2,32486523,904,3
2,32486523,878,4
2,31266214,888,1
2,31266214,903,2
2,31266214,918,3
2,30712005,899,1
2,30712005,884,2
2,30712005,890,3
2,29888724,905,1
2,29888724,875,2
2,29888724,879,3
2,29888724,892,4
2,29655066,880,1
2,29655066,876,2
2,29655066,901,3
2,29655066,883,4
2,26600127,870,1
2,26600127,890,2
2,26600127,901,3
2,26600127,864,4
2,26600127,875,5
2,26600127,871,6
2,25925154,896,1
2,25925154,872,2
2,25925154,889,3
2,25925154,883,4
2,23600059,873,1
2,23600059,884,2
2,23600059,897,3
2,23600059,894,4
2,23372400,891,1
2,23372400,904,2
2,23372400,870,3
2,23372400,882,4
2,23372400,881,5
2,23372400,907,6
2,23372396,903,1
2,23372396,877,2
2,27343782,925,1
2,27343782,911,2
2,27343782,897,3
2,27343782,897,4
2,28261371,878,1
2,28261371,886,2
2,28261371,895,3
2,28435922,912,1
2,28435922,900,2
2,28435922,916,3
2,28435922,896,4
2,27319580,900,1
2,27319580,886,2
2,25958684,894,1
2,25958684,897,2
2,26353462,905,1
2,26353462,892,2
2,26818686,901,1
2,26818686,901,2
2,26818686,888,3
2,26677754,914,1
2,25958703,900,1
2,25958703,903,2
2,25925078,891,1
2,25925078,917,2
2,25925078,898,3
2,25925078,907,4
2,23372467,905,1
2,23372467,895,2
2,23372466,916,1
2,23372466,912,2
2,28711517,899,1
2,28711517,906,2
2,28711517,897,3
2,28779766,913,1
2,28779766,885,2
2,28779766,901,3
2,29000580,888,1
2,29000580,901,2
2,29066309,903,1
2,29066309,889,2
2,29066309,905,3
2,29000581,887,1
2,29000581,903,2
2,29066563,908,1
2,29066563,892,2
2,29066563,920,3
2,29066565,889,1
2,29066565,905,2
2,29066565,889,3
2,29066564,906,1
2,29066564,890,2
2,30338891,891,1
2,30338891,882,2
2,30339733,925,1
2,30339733,854,2
2,28435921,893,1
2,28435921,893,2
2,29225428,892,1
2,29225428,898,2
2,29225428,892,3
2,30342170,920,1
2,30342170,926,2
2,30342174,899,1
2,30342174,902,2
2,30342174,877,3
2,30342174,911,4
2,30574704,889,1
2,30574704,889,2
2,30574704,886,3
2,30574704,903,4
2,30647589,883,1
2,30647589,899,2
2,30647589,883,3
2,30338894,916,1
2,30338894,904,2
2,30338894,888,3
2,30709934,901,1
2,30709934,898,2
2,31043332,905,1
2,31043332,908,2
2,31043332,889,3
2,30340001,904,1
2,30340001,898,2
2,30340001,901,3
2,30340001,879,4
2,30340001,896,5
2,30340000,885,1
2,30340000,890,2
2,30662173,893,1
2,30662173,882,2
2,30662173,913,3
2,30662173,913,4
2,30662173,899,5
2,30711925,883,1
2,30711925,900,2
2,30711925,919,3
2,30711925,913,4
2,30711925,914,5
2,23372428,898,1
2,23372428,891,2
2,23372428,899,3
2,23372428,901,4
2,23372428,893,5
2,23372445,902,1
2,23372445,908,2
2,23372445,908,3
2,25198431,909,1
2,25198431,877,2
2,25198431,904,3
2,25198431,898,4
2,25198431,895,5
2,32492435,910,1
2,32492435,916,2
2,32492435,907,3
2,32492435,907,4
2,32492435,889,5
2,31184382,902,1
2,31184382,893,2
2,31184382,900,3
2,31184382,886,4
2,31184382,886,5
2,31184378,900,1
2,31184378,887,2
2,31184378,896,3
2,31151474,895,1
2,31151474,899,2
2,31151474,886,3
2,31043330,907,1
2,31043330,888,2
2,30716569,895,1
2,30716569,893,2
2,30716569,879,3
2,30712197,904,1
2,30712197,911,2
2,30712197,897,3
2,30712197,913,4
2,30712004,889,1
2,30712004,909,2
2,30712004,911,3
2,30712004,902,4
2,30710025,909,1
2,30710025,907,2
2,30710025,909,3
2,30710025,893,4
2,30663271,891,1
2,30663271,911,2
2,30663271,911,3
2,30663271,897,4
2,30339993,914,1
2,30339993,904,2
2,30338359,892,1
2,30338359,908,2
2,30335734,898,1
2,30335734,884,2
2,30335734,884,3
2,30333067,898,1
2,30333067,882,2
2,29888727,872,1
2,29888727,874,2
2,29655065,897,1
2,29655065,903,2
2,29655065,919,3
2,29161390,918,1
2,29161390,902,2
2,28125042,899,1
2,28125042,881,2
2,28125042,908,3
2,28084157,897,1
2,28084157,910,2
2,27144598,911,1
2,27144598,905,2
2,27144598,918,3
2,27138441,897,1
2,27138441,890,2
2,27138441,900,3
2,24574403,905,1
2,24574403,914,2
2,24574403,908,3
2,32502427,891,1
2,32502427,918,2
2,32502427,909,3
2,32502427,902,4
2,32502427,912,5
2,23371814,834,1
2,23371814,869,2
2,23371814,870,3
2,23371814,885,4
2,23371814,869,5
2,23371814,806,6
2,23371814,858,7
2,23371814,882,8
2,23371814,862,9
2,23371814,875,10
2,23371818,887,1
2,23371818,907,2
2,23371818,874,3
2,23371818,869,4
2,23371818,891,5
2,23371818,863,6
2,23371818,874,7
2,23371818,875,8
2,23371818,881,9
2,23371818,890,10
2,23371818,884,11
2,23371818,887,12
2,23371818,881,13
2,26554096,883,1
2,26554096,886,2
2,26554096,894,3
2,26554096,909,4
2,27195399,909,1
2,27195399,889,2
2,27195399,889,3
2,27497988,879,1
2,27497988,894,2
2,27497988,891,3
2,27497988,867,4
2,27497988,878,5
2,27918171,889,1
2,27918171,886,2
2,27918171,885,3
2,27918171,887,4
2,27918171,873,5
2,28285033,881,1
2,28285033,885,2
2,28285033,879,3
2,28285033,901,4
2,28426578,890,1
2,28426578,874,2
2,32202420,855,1
2,32202420,911,2
2,32202420,895,3
2,32202420,870,4
2,32202421,891,1
2,32202421,875,2
2,32202421,887,3
2,32202421,888,4
2,32202421,889,5
2,32202422,885,1
2,32202422,879,2
2,32202424,887,1
2,32202424,889,2
2,32202424,909,3
2,32202424,899,4
2,32502417,867,1
2,32502417,898,2
2,32502417,845,3
2,32502417,899,4
2,32493680,889,1
2,32493680,905,2
2,32493680,903,3
2,32493680,889,4
2,23466586,918,1
2,23466586,887,2
2,23466586,888,3
2,23466586,893,4
2,23466586,913,5
2,23466583,928,1
2,23466583,893,2
2,23466583,907,3
2,23466583,912,4
2,29274601,903,1
2,29274601,895,2
2,24897387,885,1
2,24897387,892,2
2,24897387,888,3
2,23466584,910,1
2,23466584,905,2
2,23466584,897,3
2,23466584,891,4
2,23466584,903,5
2,23466584,887,6
2,23372432,907,1
2,29897675,912,1
2,29897675,899,2
2,29897675,907,3
2,30716562,897,1
2,30716562,893,2
2,30716562,884,3
2,30711924,913,1
2,30711924,908,2
2,30663274,906,1
2,30663274,911,2
2,30335890,884,1
2,30335890,882,2
2,30335890,887,3
2,29897672,888,1
2,29897672,900,2
2,29897672,863,3
2,29504789,891,1
2,29504789,863,2
2,29504789,868,3
2,29504789,889,4
2,29504789,882,5
2,29504789,894,6
2,32493595,901,1
2,32493595,865,2
2,32493595,888,3
2,32493595,904,4
2,32493595,876,5
2,32493595,875,6
2,27345077,876,1
2,27345077,905,2
2,27345077,902,3
2,27345077,877,4
2,27345077,870,5
2,27345077,898,6
2,27345077,888,7
2,27345077,879,8
2,27144589,882,1
2,27144589,871,2
2,27144589,885,3
2,27144589,900,4
2,27144589,865,5
2,27144589,897,6
2,23371802,884,1
2,23371802,892,2
2,23371802,874,3
2,23371802,887,4
2,23371802,900,5
2,23371802,868,6
2,27915028,874,1
2,27915028,900,2
2,27928929,877,1
2,27928929,877,2
2,27928929,903,3
2,27928929,866,4
2,32479639,896,1
2,32479639,884,2
2,32479639,910,3
2,32479639,885,4
2,32479639,880,5
2,32479639,884,6
2,32479639,919,7
2,32479639,911,8
2,28305071,879,1
2,28305071,905,2
2,28305071,914,3
2,28305071,875,4
2,28305071,880,5
2,28305071,900,6
2,28305071,879,7
2,28305071,901,8
2,28305071,892,9
2,28305071,905,10
2,28305071,885,11
2,28305071,905,12
2,28305071,873,13
2,28305071,883,14
2,28305071,837,15
2,28305071,896,16
2,27915026,892,1
2,27915026,892,2
2,27915026,906,3
2,27915026,908,4
2,27841704,912,1
2,27841704,912,2
2,27841704,886,3
2,27841704,921,4
2,27841704,844,5
2,27841704,887,6
2,27841704,880,7
2,27841704,895,8
2,27841704,892,9
2,27841704,890,10
2,27841704,912,11
2,27841704,899,12
2,23372382,899,1
2,23372382,878,2
2,23372382,874,3
2,23372382,878,4
2,23372382,879,5
2,23372382,904,6
2,23372382,888,7
2,23372382,907,8
2,23372382,900,9
2,30716565,925,1
2,30716565,929,2
2,30716565,916,3
2,30716565,901,4
2,30174549,919,1
2,30174549,929,2
2,30174549,929,3
2,30174549,929,4
2,30174549,925,5
2,30339735,867,1
2,30339735,847,2
2,30339735,905,3
2,30339735,921,4
2,30339735,888,5
2,30335891,891,1
2,30335891,919,2
2,30335891,845,3
2,30335891,865,4
2,31870013,911,1
2,31870013,926,2
2,31870013,930,3
2,31870013,904,4
2,30339736,849,1
2,30339736,869,2
2,30338730,898,1
2,30338730,887,2
2,30338730,904,3
2,30338730,924,4
2,30338730,866,5
2,30338730,846,6
2,30338730,912,7
2,30338730,915,8
2,30338730,892,9
2,30338730,920,10
2,29655064,904,1
2,29655064,920,2
2,29652058,928,1
2,29652058,918,2
2,29652058,916,3
2,29652058,902,4
2,29652058,917,5
2,32493677,867,1
2,32493677,894,2
2,32493677,878,3
2,29505372,895,1
2,29505372,912,2
2,29505372,888,3
2,29505372,904,4
2,30386828,918,1
2,30386828,906,2
2,30386828,897,3
2,30386828,903,4
2,30386828,873,5
2,30386828,904,6
2,30711923,875,1
2,30711923,914,2
2,30711923,893,3
2,30711923,902,4
2,30574100,898,1
2,30574100,896,2
2,30574100,882,3
2,29654817,906,1
2,29654817,914,2
2,29654817,910,3
2,29654817,908,4
2,29907750,895,1
2,29907750,897,2
2,29907750,868,3
2,29907750,891,4
2,29600863,916,1
2,29600863,922,2
2,29600863,892,3
2,29600863,903,4
2,29600863,902,5
2,29600863,855,6
2,30339746,885,1
2,30339746,905,2
2,30339746,891,3
2,30339746,917,4
2,30339746,907,5
2,30339746,906,6
2,27918184,881,1
2,27918184,897,2
2,27918184,905,3
2,27918184,903,4
2,27918184,881,5
2,27918184,875,6
2,30340207,888,1
2,30340207,922,2
2,30340207,897,3
2,30340207,871,4
2,30340207,904,5
2,30340207,836,6
2,30340207,823,7
2,30340207,836,8
2,30340207,856,9
2,24567763,882,1
2,24567763,881,2
2,24567763,895,3
2,24567763,903,4
2,24567763,897,5
2,24567763,916,6
2,30340185,922,1
2,30340185,901,2
2,24567764,886,1
2,24567764,902,2
2,24567764,887,3
2,24567764,914,4
2,24567764,914,5
2,24567764,912,6
2,24567764,886,7
2,29162349,893,1
2,29162349,883,2
2,29162349,883,3
2,29162349,890,4
2,29162349,899,5
2,29504786,897,1
2,29504786,899,2
2,29504786,877,3
2,29504786,883,4
2,29504786,907,5
2,29578558,869,1
2,29578558,886,2
2,29578558,902,3
2,29578558,910,4
2,30174536,900,1
2,30174536,899,2
2,30174536,898,3
2,30174536,878,4
2,30174536,910,5
2,30174536,898,6
2,30174536,884,7
2,29894827,925,1
2,29894827,922,2
2,29894827,898,3
2,29894827,915,4
2,29894827,908,5
2,30335814,893,1
2,30335814,914,2
2,30335814,902,3
2,30335814,901,4
2,30335814,900,5
2,29887720,901,1
2,29887720,891,2
2,29887720,915,3
2,24838175,898,1
2,24838175,889,2
2,24838175,910,3
2,24838175,882,4
2,24838175,896,5
2,24838175,882,6
2,29844050,894,1
2,29844050,898,2
2,29844050,882,3
2,29844050,882,4
2,29844050,896,5
2,29504793,898,1
2,29504793,882,2
2,29504793,889,3
2,29504793,882,4
2,29504793,895,5
2,29504793,865,6
2,29504793,896,7
2,29504793,896,8
2,29504793,868,9
2,29888726,899,1
2,29907782,901,1
2,29907782,922,2
2,29907782,902,3
2,29907782,888,4
2,29907782,926,5
2,23371828,884,1
2,23371828,896,2
2,23371828,891,3
2,23371828,906,4
2,23371828,910,5
2,23371828,867,6
2,23371828,904,7
2,23371828,897,8
2,23371828,884,9
2,23371828,891,10
2,23371828,905,11
2,23371828,897,12
2,23371828,907,13
2,23371828,888,14
2,23371828,852,15
2,23371826,927,1
2,23371826,915,2
2,23371826,909,3
2,23371826,895,4
2,23371826,900,5
2,23371826,850,6
2,23371826,905,7
2,23371826,915,8
2,23371826,902,9
2,23371826,911,10
2,23371826,896,11
2,23371826,896,12
2,23371826,889,13
2,23371826,883,14
2,23371826,901,15
2,23371826,836,16
2,23371826,915,17
2,23371826,913,18
2,23371826,864,19
2,23599817,871,1
2,23599817,895,2
2,23599817,904,3
2,23599817,910,4
2,23599817,846,5
2,23599817,895,6
2,23599817,914,7
2,23599817,907,8
2,23599817,897,9
2,23599817,894,10
2,23371829,890,1
2,23371829,890,2
2,23371829,919,3
2,23371829,897,4
2,23371829,895,5
2,23371829,896,6
2,23371829,883,7
2,23371829,897,8
2,29976893,900,1
2,29976893,897,2
2,29976893,911,3
2,29976893,901,4
2,29976893,925,5
2,30190160,913,1
2,30190160,836,2
2,30190160,887,3
2,30190160,912,4
2,30190160,903,5
2,23371834,888,1
2,23371834,891,2
2,23371834,900,3
2,23371834,884,4
2,23371834,899,5
2,23371834,821,6
2,23371834,832,7
2,23371834,829,8
2,23371834,867,9
2,23371834,906,10
2,24900777,848,1
2,24900777,880,2
2,24900777,887,3
2,24900777,894,4
2,24900777,896,5
2,24900777,880,6
2,24900777,902,7
2,24900777,829,8
2,24900777,898,9
2,27583008,867,1
2,27583008,900,2
2,27583008,891,3
2,27583008,896,4
2,26599930,867,1
2,26599930,896,2
2,26599930,925,3
2,26599930,891,4
2,26599930,912,5
2,26599930,918,6
2,26599930,884,7
2,26599930,879,8
2,26599930,833,9
2,26599930,831,10
2,27136573,913,1
2,27136573,898,2
2,27136573,913,3
2,27136573,892,4
2,27136573,899,5
2,27136573,885,6
2,23599816,881,1
2,23599816,897,2
2,23599816,888,3
2,23599816,895,4
2,23599816,893,5
2,23599816,885,6
2,25198525,891,1
2,25198525,884,2
2,25198525,910,3
2,25198525,900,4
2,25198525,890,5
2,26599991,898,1
2,26599991,900,2
2,26599991,886,3
2,26599991,899,4
2,26599991,900,5
2,25189691,882,1
2,25189691,898,2
2,25189691,882,3
2,25189691,896,4
2,25189691,895,5
2,25189691,889,6
2,25189691,904,7
2,25189691,827,8
2,32522352,916,1
2,32522352,882,2
2,32522352,895,3
2,32522352,896,4
2,32522352,878,5
2,30277579,871,1
2,30277579,851,2
2,30277579,917,3
2,30277579,923,4
2,30277579,916,5
2,30276630,934,1
2,30276630,856,2
2,30276630,926,3
2,30276630,921,4
2,30276630,876,5
2,28426582,903,1
2,28426582,893,2
2,28426582,918,3
2,28426581,892,1
2,28426581,901,2
2,28426581,908,3
2,28426581,882,4
2,28165547,903,1
2,28165547,889,2
2,28165547,883,3
2,28165547,923,4
2,27907681,888,1
2,27907681,898,2
2,27907681,884,3
2,27907681,906,4
2,27884101,901,1
2,27884101,896,2
2,27884101,903,3
2,27884101,881,4
2,27884101,895,5
2,26221257,905,1
2,26221257,882,2
2,26221257,916,3
2,23372444,911,1
2,23372444,918,2
2,23372444,921,3
2,23372444,913,4
2,23372444,895,5
2,23598208,892,1
2,23598208,904,2
2,23598208,893,3
2,23598208,897,4
2,23598208,909,5
2,23598208,917,6
2,23598208,895,7
2,23598208,882,8
2,23598208,905,9
2,23808416,897,1
2,23808416,907,2
2,23808416,899,3
2,23808416,904,4
2,27195409,894,1
2,27195409,910,2
2,27195409,917,3
2,27195409,920,4
2,27195410,892,1
2,27195410,908,2
2,27195410,915,3
2,31184380,909,1
2,31184380,892,2
2,31184380,919,3
2,31184380,913,4
2,31184379,912,1
2,31184379,916,2
2,31184379,922,3
2,31184379,895,4
2,30712001,896,1
2,30712001,904,2
2,30712001,923,3
2,30712001,909,4
2,30342173,909,1
2,30342173,916,2
2,30342173,894,3
2,30342173,919,4
2,30342173,893,5
2,30338733,910,1
2,30338733,907,2
2,30338729,924,1
2,30338729,902,2
2,30338729,923,3
2,30338729,914,4
2,30338729,894,5
2,30335816,911,1
2,30335816,901,2
2,30335816,885,3
2,30335816,886,4
2,30335816,908,5
2,30058788,903,1
2,30058788,887,2
2,30058788,913,3
2,29906436,921,1
2,29906436,896,2
2,29906436,911,3
2,29906436,902,4
2,29906436,895,5
2,29658467,906,1
2,29658467,892,2
2,29658467,879,3
2,29658466,886,1
2,29658466,912,2
2,29658466,896,3
2,29000584,911,1
2,29000584,886,2
2,29000584,892,3
2,29000584,901,4
2,29000584,885,5
2,29000578,902,1
2,29000578,894,2
2,29000578,888,3
2,29000577,895,1
2,29000577,913,2
2,29000577,921,3
2,29000577,912,4
2,27884033,899,1
2,27884033,912,2
2,27884033,911,3
2,27393178,886,1
2,27393178,913,2
2,27393178,902,3
2,25199190,905,1
2,25199139,894,1
2,25199139,921,2
2,25199139,910,3
2,32875547,919,1
2,32875547,925,2
2,32875547,908,3
2,32875547,920,4
2,32875547,906,5
2,27918190,890,1
2,27918190,916,2
2,27918190,919,3
2,27918190,905,4
2,27918190,879,5
2,27915029,888,1
2,27915029,914,2
2,27915029,917,3
2,27915029,903,4
2,27915029,877,5
2,27505298,891,1
2,27505298,917,2
2,27505298,920,3
2,27505298,906,4
2,27505298,880,5
2,32502425,913,1
2,32502425,925,2
2,32502425,894,3
2,32502425,887,4
2,32874742,892,1
2,32874742,918,2
2,32874742,893,3
2,32874742,888,4
2,32874742,895,5
2,32894326,920,1
2,32894326,894,2
2,32894326,895,3
2,32894326,890,4
2,32894326,897,5
2,23372408,897,1
2,23372408,905,2
2,28348825,905,1
2,28348825,897,2
2,30339873,905,1
2,30339873,917,2
2,29888456,900,1
2,29888456,908,2
2,30060519,906,1
2,30060519,898,2
2,29297682,895,1
2,29297682,903,2
2,29297681,901,1
2,29297681,909,2
2,27144587,898,1
2,27144587,906,2
2,32486677,915,1
2,32486677,934,2
2,32493682,916,1
2,32493682,935,2
2,23472589,880,1
2,23472589,903,2
2,23472589,890,3
2,23472589,906,4
2,23472589,891,5
2,23472589,898,6
2,23472589,886,7
2,23472589,905,8
2,23472589,893,9
2,23372393,893,1
2,23372393,880,2
2,23372393,906,3
2,23372393,887,4
2,23372393,876,5
2,23372393,822,6
2,23372393,891,7
2,23372393,895,8
2,23372393,898,9
2,23372393,898,10
2,23372393,890,11
2,23372393,903,12
2,23372394,870,1
2,23372394,907,2
2,23372394,892,3
2,23372394,877,4
2,29844054,903,1
2,29844054,896,2
2,29844054,911,3
2,29844054,885,4
2,29844054,903,5
2,29871492,879,1
2,29871492,891,2
2,29871492,888,3
2,29871492,878,4
2,29871492,904,5
2,29887988,870,1
2,29887988,881,2
2,29887988,882,3
2,29887988,899,4
2,29887988,877,5
2,30107552,884,1
2,30107552,910,2
2,30107552,888,3
2,30107552,880,4
2,30107552,902,5
2,30339827,912,1
2,30339827,875,2
2,30339827,886,3
2,30339827,887,4
2,30339827,882,5
2,30716561,873,1
2,30716561,885,2
2,30716561,910,3
2,30716561,884,4
2,30716561,880,5
2,32502430,885,1
2,32502430,911,2
2,32502430,895,3
2,32502430,891,4
2,32502430,898,5
2,32502430,886,6
2,27956875,906,1
2,27956875,881,2
2,27956875,880,3
2,27956875,877,4
2,32896303,885,1
2,32896303,880,2
2,32896303,910,3
2,32896303,884,4
2,32896303,873,5
2,23598005,896,1
2,23598005,902,2
2,23598005,885,3
2,23598005,897,4
2,23598005,919,5
2,24900781,901,1
2,24900781,902,2
2,24900781,927,3
2,24900781,916,4
2,24900781,911,5
2,24900782,891,1
2,24900782,925,2
2,24900782,902,3
2,24900782,903,4
2,24900782,908,5
2,24900782,928,6
2,25142068,901,1
2,25142068,889,2
2,25142068,923,3
2,25142068,906,4
2,25142068,900,5
2,25145213,913,1
2,25145213,896,2
2,25145213,921,3
2,25145213,895,4
2,25145214,894,1
2,25145214,895,2
2,25145214,920,3
2,25145214,912,4
2,25145214,829,5
2,25145215,922,1
2,25145215,897,2
2,25145215,896,3
2,25145215,914,4
2,25145216,893,1
2,25145216,919,2
2,25145216,911,3
2,25145216,904,4
2,25145217,895,1
2,25145217,906,2
2,25145217,921,3
2,25145217,913,4
2,27435528,894,1
2,27435528,920,2
2,28125037,927,1
2,28125037,901,2
2,28125037,930,3
2,28125037,905,4
2,28125037,916,5
2,29652137,925,1
2,29652137,903,2
2,29652137,914,3
2,29652137,917,4
2,29652137,899,5
2,29652137,912,6
2,29754424,909,1
2,29754424,898,2
2,29754424,894,3
2,29754424,920,4
2,29754424,912,5
2,29857237,894,1
2,29857237,898,2
2,29857237,920,3
2,29857237,912,4
2,29857237,850,5
2,30338888,915,1
2,30338888,926,2
2,30338888,900,3
2,30338888,922,4
2,30342168,894,1
2,30342168,898,2
2,30342168,924,3
2,30342168,901,4
2,30342168,899,5
2,30342162,885,1
2,30342162,896,2
2,30342162,902,3
2,30342162,897,4
2,30342162,919,5
2,30340208,899,1
2,30340208,924,2
2,30340208,924,3
2,30340208,898,4
2,30339871,901,1
2,30339871,896,2
2,30339871,926,3
2,30339871,900,4
2,30339871,903,5
2,30712002,902,1
2,30712002,903,2
2,30712002,928,3
2,30712002,905,4
2,30712002,898,5
2,31005108,904,1
2,31005108,929,2
2,31005108,903,3
2,31856361,915,1
2,31856361,901,2
2,31856361,913,3
2,27436189,896,1
2,27436189,922,2
2,29643149,916,1
2,29643149,878,2
2,29643149,904,3
2,29643148,918,1
2,29643148,880,2
2,29643148,906,3
2,28225514,887,1
2,28225514,903,2
2,28225514,897,3
2,31156389,909,1
2,31156389,909,2
2,31151480,907,1
2,30825156,899,1
2,30825156,888,2
2,30716660,905,1
2,30716660,919,2
2,30716660,906,3
2,30716660,905,4
2,30716659,921,1
2,30712207,917,1
2,30712207,913,2
2,30712207,910,3
2,30712207,903,4
2,30339997,857,1
2,29888299,908,1
2,28460590,910,1
2,28460590,896,2
2,28460590,896,3
2,28460590,912,4
2,28401047,905,1
2,28401047,907,2
2,28120529,908,1
2,32874568,875,1
2,32874568,889,2
2,32874568,901,3
2,23371798,858,1
2,23371798,871,2
2,23371798,882,3
2,23371798,890,4
2,23371798,864,5
2,23371798,877,6
2,23371798,874,7
2,27144594,861,1
2,27144594,867,2
2,27144594,881,3
2,27144594,896,4
2,27144594,878,5
2,27278753,881,1
2,27278753,881,2
2,27278753,868,3
2,27278753,903,4
2,27278753,875,5
2,27278753,874,6
2,27278753,900,7
2,27278753,896,8
2,32874823,897,1
2,32874823,911,2
2,32874823,910,3
2,32874823,916,4
2,32874823,928,5
2,32502419,879,1
2,32502419,891,2
2,32502419,883,3
2,32502419,879,4
2,32502419,882,5
2,32502419,883,6
2,32493597,875,1
2,32493597,868,2
2,32493597,862,3
2,32493597,894,4
2,32493597,882,5
2,32493597,875,6
2,32493597,897,7
2,32482453,871,1
2,32482453,878,2
2,32482453,885,3
2,32482453,900,4
2,32482453,865,5
2,32482453,878,6
2,32482453,897,7
2,27539000,907,1
2,27539000,889,2
2,27539000,902,3
2,27539000,843,4
2,27539000,879,5
2,27539000,911,6
2,27539000,889,7
2,27433365,891,1
2,27433365,895,2
2,27433365,876,3
2,27433365,863,4
2,27433365,876,5
2,27433365,898,6
2,27433365,870,7
2,27433365,869,8
2,27144585,877,1
2,27144585,884,2
2,27144585,865,3
2,27144585,899,4
2,27144585,903,5
2,27144585,877,6
2,27144585,881,7
2,27144585,881,8
2,27144585,881,9
2,23466569,884,1
2,23466569,887,2
2,23466569,877,3
2,23466569,877,4
2,23466569,903,5
2,32894339,905,1
2,32894339,907,2
2,32894339,909,3
2,32894335,894,1
2,32894335,869,2
2,32894335,880,3
2,32894335,898,4
2,32894334,909,1
2,32894334,870,2
2,32894334,887,3
2,32894332,914,1
2,32894332,910,2
2,32874826,909,1
2,32874826,915,2
2,32874826,895,3
2,32502431,901,1
2,32502431,890,2
2,32502431,875,3
2,32502428,894,1
2,32502428,907,2
2,32502428,888,3
2,31032472,920,1
2,31032472,898,2
2,31032472,918,3
2,30716578,918,1
2,30716578,913,2
2,30716578,906,3
2,30716578,932,4
2,30716578,934,5
2,30716578,930,6
2,30712202,911,1
2,30712202,913,2
2,30710028,926,1
2,30710028,905,2
2,30709932,908,1
2,30709932,917,2
2,30709873,936,1
2,30709873,932,2
2,30709873,920,3
2,30709873,915,4
2,30709873,908,5
2,30709873,934,6
2,30453322,867,1
2,30453322,916,2
2,30174543,901,1
2,30174543,917,2
2,30108910,913,1
2,30108910,914,2
2,30108910,922,3
2,30108910,894,4
2,30108910,914,5
2,30108910,868,6
2,30108910,907,7
2,30108910,848,8
2,30108910,926,9
2,29888036,866,1
2,29888036,907,2
2,29888036,921,3
2,29888036,929,4
2,29888036,921,5
2,29888036,901,6
2,29888036,855,7
2,29888036,875,8
2,29888036,920,9
2,29658761,900,1
2,29658761,914,2
2,29658761,916,3
2,29655068,909,1
2,29655068,916,2
2,29655068,918,3
2,29504799,905,1
2,29504799,920,2
2,29504799,898,3
2,27791378,890,1
2,27791378,895,2
2,27791378,892,3
2,27578126,887,1
2,27578126,896,2
2,27578126,899,3
2,27436177,890,1
2,27436177,907,2
2,27436177,899,3
2,27436177,890,4
2,27436177,897,5
2,24980065,903,1
2,24980065,903,2
2,24980065,919,3
2,24980065,910,4
2,24980065,929,5
2,32964275,861,1
2,32964275,871,2
2,32964275,868,3
2,32964275,855,4
2,32875025,904,1
2,32875025,885,2
2,32875025,907,3
2,32874744,882,1
2,32874744,886,2
2,32492438,897,1
2,32492438,890,2
2,30339996,895,1
2,30339996,875,2
2,30339996,881,3
2,30339996,907,4
2,30339748,887,1
2,30339748,875,2
2,30339748,875,3
2,30339747,882,1
2,30339747,855,2
2,29897677,905,1
2,29897677,864,2
2,29897677,879,3
2,29897674,890,1
2,29897674,872,2
2,27528856,895,1
2,27528856,891,2
2,27528856,877,3
2,27505282,883,1
2,27505282,873,2
2,27436176,901,1
2,27436176,901,2
2,27343781,884,1
2,27343781,886,2
2,27324088,875,1
2,27324088,885,2
2,27324088,869,3
2,32875210,886,1
2,32875210,895,2
2,32875210,907,3
2,32875209,881,1
2,32875209,897,2
2,32875209,888,3
2,32875209,895,4
2,32491270,870,1
2,32491270,892,2
2,30716564,906,1
2,30711926,883,1
2,30711926,887,2
2,30711926,905,3
2,30342539,898,1
2,30342539,893,2
2,30342539,920,3
2,30339938,911,1
2,30339938,884,2
2,30339938,889,3
2,30206336,905,1
2,30206336,914,2
2,30206336,889,3
2,30206336,915,4
2,29888457,894,1
2,29504794,881,1
2,29504794,895,2
2,29504794,888,3
2,29504794,897,4
2,29504794,875,5
2,29504790,890,1
2,29504790,881,2
2,29504790,874,3
2,29504790,888,4
2,29504790,868,5
2,29504782,879,1
2,29504782,884,2
2,29504782,896,3
2,29504782,888,4
2,29504781,915,1
2,29504781,881,2
2,29504781,891,3
2,29504781,895,4
2,26129976,897,1
2,26129976,883,2
2,26129976,890,3
2,26129976,899,4
2,26129976,905,5
2,25190155,887,1
2,25190155,893,2
2,25190155,894,3
2,25190155,896,4
2,25190155,908,5
2,24900775,894,1
2,24900775,899,2
2,24900775,896,3
2,24900775,902,4
2,24900775,848,5
2,24900775,829,6
2,24900775,825,7
2,24900775,839,8
2,24900775,880,9
2,24900775,887,10
2,24900775,849,11
2,24900775,893,12
2,24900775,898,13
2,24900773,888,1
2,24900773,895,2
2,24900773,909,3
2,24900773,909,4
2,24900773,900,5
2,24900773,897,6
2,24900773,881,7
2,24900773,888,8
2,24566911,883,1
2,24566911,890,2
2,24566911,902,3
2,24566911,892,4
2,23599701,886,1
2,23599701,847,2
2,23599701,840,3
2,23599701,895,4
2,23599701,888,5
2,23599701,892,6
2,23599701,837,7
2,23599701,901,8
2,23599701,905,9
2,23599701,886,10
2,23599701,898,11
2,23371951,893,1
2,23371951,900,2
2,23371951,922,3
2,23371951,900,4
2,23371951,902,5
2,23371948,886,1
2,23371948,879,2
2,23371948,893,3
2,23371948,895,4
2,23371948,879,5
2,23371938,907,1
2,23371938,897,2
2,23371938,888,3
2,23371938,864,4
2,23371938,881,5
2,23371938,888,6
2,23371938,893,7
2,23371938,888,8
2,23371938,903,9
2,23371938,881,10
2,23371935,878,1
2,23371935,896,2
2,23371935,908,3
2,23371935,910,4
2,23371935,843,5
2,23371935,905,6
2,23371935,900,7
2,23371935,891,8
2,23371935,908,9
2,23371935,888,10
2,23371935,891,11
2,23371935,904,12
2,23371935,910,13
2,23371935,906,14
2,23371935,895,15
2,23371935,884,16
2,23371935,910,17
2,30342169,911,1
2,30342169,899,2
2,30342169,896,3
2,30340212,899,1
2,30340212,902,2
2,30340212,890,3
2,30338357,905,1
2,30338357,889,2
2,30338357,887,3
2,30336507,906,1
2,30336507,879,2
2,29658760,908,1

2,29654446,939,1
2,29654446,930,2
2,29654446,912,3
2,27529461,892,1
2,27529461,906,2
2,27529461,909,3
2,27528859,920,1
2,27528859,910,2
2,27505314,915,1
2,27505314,923,2
2,27505314,914,3
2,27505314,908,4
2,27505314,925,5
2,30174545,906,1
2,30174545,892,2
2,30154873,907,1
2,30154873,914,2
2,30154873,911,3
2,29965454,916,1
2,29965454,913,2
2,29965454,895,3
2,29654821,918,1
2,29654821,897,2
2,29504801,896,1
2,29504801,920,2
2,29504801,909,3
2,29504801,896,4
2,29504798,913,1
2,29504798,892,2
2,29504798,904,3
2,26554111,892,1
2,26554111,898,2
2,26554111,905,3
2,26554111,917,4
2,26554111,920,5
2,26554111,910,6
2,26554111,910,7
2,26554111,904,8
2,25534802,875,1
2,25534802,886,2
2,25534802,887,3
2,25534802,912,4
2,25534802,914,5
2,25533615,884,1
2,25533615,872,2
2,25533615,909,3
2,25533615,883,4
2,25533615,911,5